symbol;name;country;currency
"000001";"SSE Composite Index";"China";"CNY"
"000002";"SSE A Share Index";"China";"CNY"
"000003";"SSE B Share Index";"China";"USD"
"000004";"SSE Industrial Index";"China";"CNY"
"000005";"SSE Commercial Index";"China";"CNY"
"000006";"SSE Real Estate Index";"China";"CNY"
"000007";"Quanxinhao";"China";"CNY"
"000008";"SSE Conglomerates Index";"China";"CNY"
"000009";"SSE 380 Index";"China";"CNY"
"000010";"Ecobeauty";"China";"CNY"
"000011";"SSE Fund Index";"China";"CNY"
"000012";"CSG";"China";"CNY"
"000013";"SSE Corporate Bond Index";"China";"CNY"
"000015";"SSE Dividend Index";"China";"CNY"
"000016";"SSE 50 Index";"China";"CNY"
"000017";"CBC";"China";"CNY"
"000018";"SSE 180 Financials Index";"China";"CNY"
"000019";"SBSY";"China";"CNY"
"000020";"HUAFA";"China";"CNY"
"000021";"KAIFA";"China";"CNY"
"000022";"Chiwan Wharf";"China";"CNY"
"000025";"TELLUS";"China";"CNY"
"000026";"FIYTA";"China";"CNY"
"000027";"SSE 180 Transportation Index";"China";"CNY"
"000028";"Sinopharm Accord";"China";"CNY"
"000029";"SPG";"China";"CNY"
"000030";"SSE 180 relative Growth Index";"China";"CNY"
"000031";"SSE 180 relative Value Index";"China";"CNY"
"000032";"SSE Energy Sector Index";"China";"CNY"
"000034";"Digital China";"China";"CNY"
"000035";"SSE Consumer Discretionary Sect";"China";"CNY"
"000037";"Shenzhen Nanshan Power";"China";"CNY"
"000038";"SSE Financials Sector Index";"China";"CNY"
"000039";"CIMC";"China";"CNY"
"000040";"SSE Telecommunication Services ";"China";"CNY"
"000041";"SSE Utilities Sector Index";"China";"CNY"
"000042";"SSE Central State-owned Enterpr";"China";"CNY"
"000043";"AVIC REAL ESTATE";"China";"CNY"
"000044";"SSE MidCap Index";"China";"CNY"
"000045";"SSE SmallCap Index";"China";"CNY"
"000046";"OCEANWIDE HOLDINGS";"China";"CNY"
"000047";"SSE Large and Mid and Small Cap";"China";"CNY"
"000048";"SSE Social Responsibility Index";"China";"CNY"
"000049";"Desay Battery";"China";"CNY"
"000050";"Tianma";"China";"CNY"
"000051";"SSE 180 Equal Weight Index Inde";"China";"CNY"
"000052";"SSE50 Fundamental Weighted Inde";"China";"CNY"
"000053";"SSE180 Fundamental Weighted  In";"China";"CNY"
"000054";"SSE Overseas-listing A shares I";"China";"CNY"
"000055";"CFGC";"China";"CNY"
"000056";"SSE State-owned Enterprises 100";"China";"CNY"
"000057";"SSE Large and Mid and Small Cap";"China";"CNY"
"000058";"Shenzhen SEG";"China";"CNY"
"000059";"SSE Large and Mid and Small Cap";"China";"CNY"
"000060";"NONFEMET";"China";"CNY"
"000061";"SSE Corporate Bond 30 Index";"China";"CNY"
"000062";"SSE Shanghai Local Company Inde";"China";"CNY"
"000063";"ZTE";"China";"CNY"
"000064";"SSE non-Cyclical Industry 100 I";"China";"CNY"
"000065";"SSE Industry Top Index";"China";"CNY"
"000066";"GREATWALL COMPUTER";"China";"CNY"
"000067";"SSE Emerging Industries Index";"China";"CNY"
"000068";"SSE Natural Resource Index";"China";"CNY"
"000069";"OCT";"China";"CNY"
"000070";"SDGI";"China";"CNY"
"000071";"SSE Materials Sector Equal Weig";"China";"CNY"
"000072";"SSE Industrials Sector Equal We";"China";"CNY"
"000073";"SSE Consumer Discretionary Sect";"China";"CNY"
"000074";"SSE Consumer Staples Sector Equ";"China";"CNY"
"000075";"SSE Health Care Sector Equal We";"China";"CNY"
"000076";"SSE Financials Sector Equal Wei";"China";"CNY"
"000078";"SSE Telecommunication Services ";"China";"CNY"
"000079";"SSE Utilities Sector Equal Weig";"China";"CNY"
"000090";"Tagen Group";"China";"CNY"
"000091";"SSE Wealth Mid-Small Index";"China";"CNY"
"000092";"SSE Resource 50 index Index";"China";"CNY"
"000093";"SSE 180 Sector Equal Weight Ind";"China";"CNY"
"000094";"SSE Upstream Industry Index Ind";"China";"CNY"
"000095";"SSE Midstream Industry Index In";"China";"CNY"
"000098";"SSEF 200 Index";"China";"CNY"
"000099";"COHC";"China";"CNY"
"000100";"TCL Corp.";"China";"CNY"
"000101";"SSE 5-Year Credit Bond Index In";"China";"CNY"
"000102";"SSE Investment Commodity Index ";"China";"CNY"
"000103";"SSE Consume Commodity Index Ind";"China";"CNY"
"000104";"SSE 380 Energy Index Index";"China";"CNY"
"000105";"SSE 380 Materials Index Index";"China";"CNY"
"000106";"SSE 380 Industrials Index Index";"China";"CNY"
"000107";"SSE 380 Consumer Discretionary ";"China";"CNY"
"000108";"SSE 380 Consumer Staples Index ";"China";"CNY"
"000110";"SSE 380 Financials Index Index";"China";"CNY"
"000111";"SSE 380 Information Technology ";"China";"CNY"
"000112";"SSE 380 Telecommunication Servi";"China";"CNY"
"000114";"SSE Sustainable Development Ind";"China";"CNY"
"000115";"SSE 380 Equal Weight Index";"China";"CNY"
"000116";"SSE Credit Bond 100 Index";"China";"CNY"
"000117";"SSE 380 Growth Index Index";"China";"CNY"
"000118";"SSE 380 Value Index Index";"China";"CNY"
"000119";"SSE 380 Relative Growth Index I";"China";"CNY"
"000120";"SSE 380 Relative Value Index In";"China";"CNY"
"000121";"SSE Health Care theme Index Ind";"China";"CNY"
"000123";"SSE 180 Dynamic Index";"China";"CNY"
"000125";"SSE 180 Stability Index";"China";"CNY"
"000126";"SSE Consumer 50 Index Index";"China";"CNY"
"000128";"SSE380 Fundamental Weighted Ind";"China";"CNY"
"000129";"SSE180 Volatility Weighted Inde";"China";"CNY"
"000130";"SSE380 Volatility Weighted Inde";"China";"CNY"
"000132";"SSE 100 Index";"China";"CNY"
"000133";"SSE 150 Index";"China";"CNY"
"000134";"SSE Banks Index";"China";"CNY"
"000135";"SSE 180 High Beta Index";"China";"CNY"
"000136";"SSE 180 Low Beta Index";"China";"CNY"
"000138";"SSE 380 Low Beta Index";"China";"CNY"
"000139";"SSE Convertible Bond Index";"China";"CNY"
"000141";"SSE 380 Dynamic Index";"China";"CNY"
"000142";"SSE 380 Stability Index";"China";"CNY"
"000145";"SSE Select Resources Industries";"China";"CNY"
"000146";"SSE Select Manufacturing Indust";"China";"CNY"
"000149";"SSE 180 Dividend Index";"China";"CNY"
"000150";"SSE 380 Dividend Index";"China";"CNY"
"000151";"COMPLANT";"China";"CNY"
"000152";"SSE Central State-owned Enterpr";"China";"CNY"
"000153";"FENGYUAN PHARMACEUTICAL";"China";"CNY"
"000155";"SSE Market Value Top 100 Index";"China";"CNY"
"000158";"CSTEX";"China";"CNY"
"000300";"CSI 300 Index";"China";"CNY"
"000901";"CSI Southern Well-Off Industry ";"China";"CNY"
"000902";"XYF";"China";"CNY"
"000903";"YUNNEI POWER";"China";"CNY"
"000904";"CSI 200 Index";"China";"CNY"
"000905";"XMPD";"China";"CNY"
"000906";"CSI 800 Index";"China";"CNY"
"000907";"CSI 700 Index";"China";"CNY"
"000908";"Jingfeng Pharmaceutical";"China";"CNY"
"000909";"SOYEA";"China";"CNY"
"000911";"NNSUGAR";"China";"CNY"
"000913";"QIANJIANG MOTOR";"China";"CNY"
"000914";"CSI 300 Financials Index";"China";"CNY"
"000915";"SHANDA WIT";"China";"CNY"
"000916";"Huabei Expressway";"China";"CNY"
"000917";"TIK";"China";"CNY"
"000918";"Calxon";"China";"CNY"
"000919";"JINLING PHARM.";"China";"CNY"
"000920";"SOUTH HUITON";"China";"CNY"
"000921";"CSI 300 Relative Value Index";"China";"CNY"
"000922";"JEMC";"China";"CNY"
"000923";"XCMC";"China";"CNY"
"000925";"United";"China";"CNY"
"000926";"CSI Central State-owned Enterpr";"China";"CNY"
"000927";"CSI Central State-owned Enterpr";"China";"CNY"
"000928";"SINOSTEEL ENTEC";"China";"CNY"
"000929";"LANZHOU HUANGHE";"China";"CNY"
"000930";"COFCO BIOCHEMICAL";"China";"CNY"
"000931";"Beijing Centergate";"China";"CNY"
"000934";"CSI Financials index";"China";"CNY"
"000935";"SHM";"China";"CNY"
"000936";"H.X.C.";"China";"CNY"
"000937";"JZEG";"China";"CNY"
"000938";"CSI Private-owned Enterprises C";"China";"CNY"
"000939";"KAIDI ECOLOGICAL";"China";"CNY"
"000940";"CSI Wealth Large Cap Index";"China";"CNY"
"000941";"CSI CN Mainland New Energy Inde";"China";"CNY"
"000942";"CSI China Mainland Consumer Ind";"China";"CNY"
"000943";"CSI China Mainland Infrastructu";"China";"CNY"
"000944";"CSI China Mainland Natural Reso";"China";"CNY"
"000945";"CSI China Mainland Transportati";"China";"CNY"
"000946";"CSI China Mainland Financials I";"China";"CNY"
"000947";"CSI China Mainland Banks Index";"China";"CNY"
"000948";"NANTIAN";"China";"CNY"
"000950";"CSI 300 Infrastructure Index";"China";"CNY"
"000951";"CNHTC-JNTC";"China";"CNY"
"000952";"CSI 300 Real Estate Index";"China";"CNY"
"000964";"CSI Emerging Industries Index";"China";"CNY"
"000965";"T.B Infrastructure";"China";"CNY"
"000966";"CYDL";"China";"CNY"
"000967";"Infore Environment";"China";"CNY"
"000970";"CSI ECPI ESG China 40 Index";"China";"CNY"
"0016C";"FTCOM/CITI P-WT 16";"Netherlands";"EUR"
"1010";"S&P/CSE Energy Industry Group I";"Sri Lanka";"LKR"
"1510";"S&P/CSE Materials Industry Grou";"Sri Lanka";"LKR"
"2010";"S&P/CSE Capital Goods Industry ";"Sri Lanka";"LKR"
"2030";"S&P/CSE Transportation Industry";"Sri Lanka";"LKR"
"2030704";"JIM ROGERS ENERGY";"Netherlands";"USD"
"21284890";"AMX X5 SHORT GR";"Netherlands";"EUR"
"23981283";"EN PEA PME EURZONE";"Netherlands";"EUR"
"23981286";"EN PEA PME EURZ NR";"Netherlands";"EUR"
"2510";"S&P/CSE Automobiles & Component";"Sri Lanka";"LKR"
"2520";"S&P/CSE Consumer Durables & App";"Sri Lanka";"LKR"
"2550";"S&P/CSE Retailing Industry Grou";"Sri Lanka";"LKR"
"2N77Z";"ILIAD/COBA WT OPEN";"Netherlands";"EUR"
"3010";"S&P/CSE Food & Staples Retailin";"Sri Lanka";"LKR"
"30756789";"AEX ALL-TRAD NR";"Netherlands";"EUR"
"30756893";"AEX ALL-TRAD AW NR";"Netherlands";"EUR"
"399001";"Shenzhen Component";"China";"CNY"
"399002";"Shenzhen Component R";"China";"CNY"
"399003";"SZSE COMPONENT B";"China";"CNY"
"399004";"Shenzhen 100 Index R";"China";"CNY"
"399005";"SZSE SME PRICE INDEX";"China";"CNY"
"399006";"CHINEXT PRICE INDEX";"China";"CNY"
"399007";"SZSE 300 PRICE INDEX";"China";"CNY"
"399008";"SZSE SME 300 PRICE";"China";"CNY"
"399009";"SZSE 200 INDEX";"China";"CNY"
"399010";"SZSE 700 INDEX";"China";"CNY"
"399011";"SZSE 1000 INDEX";"China";"CNY"
"399012";"SZSE CHINEXT 300";"China";"CNY"
"399013";"SZSE SELECT INDEX";"China";"CNY"
"399015";"SZSE SMID CAP INNO";"China";"CNY"
"399016";"SZSE INNOVATION";"China";"CNY"
"399017";"SZSE SME INNOVATION";"China";"CNY"
"399088";"SZSE Innovation 100";"China";"CNY"
"399100";"SZSE NEW INDEX";"China";"CNY"
"399101";"SZSE SME COMPOSITE";"China";"CNY"
"399102";"CHINEXT COMPOSITE";"China";"CNY"
"399103";"SZSE LEFU FUND INDEX";"China";"CNY"
"399106";"SZSE COMPOSITE INDEX";"China";"CNY"
"399107";"SZSE A SHARE INDEX";"China";"CNY"
"399108";"SZSE B SHARE INDEX";"China";"CNY"
"399231";"AGRICULTURE INDEX";"China";"CNY"
"399232";"MINING INDEX";"China";"CNY"
"399233";"MANUFACTURING INDEX";"China";"CNY"
"399234";"UTILITIES INDEX";"China";"CNY"
"399236";"WHOLESALE RETAIL IDX";"China";"CNY"
"399237";"TRANSPORTATION INDEX";"China";"CNY"
"399238";"HOTEL & CATERING IDX";"China";"CNY"
"399239";"IT INDEX";"China";"CNY"
"399240";"FINANCE INDEX";"China";"CNY"
"399242";"BUSINESS SERVICE IDX";"China";"CNY"
"399243";"R&D INDEX";"China";"CNY"
"399244";"EP INDEX";"China";"CNY"
"399248";"MEDIA INDEX";"China";"CNY"
"399249";"CONGLOMERATES INDEX";"China";"CNY"
"399282";"SZSE Big Data 50";"China";"CNY"
"399283";"SZSE Robot 50";"China";"CNY"
"399284";"SZSE AI 50";"China";"CNY"
"399285";"SZSE IOT 50";"China";"CNY"
"399286";"SZSE BlockChain 50";"China";"CNY"
"399290";"Convertible&Exchange";"China";"CNY"
"399292";"SZSE NON-SOE DEV";"China";"CNY"
"399293";"CHINEXT Large Cap";"China";"CNY"
"399294";"SZSE SME&CHINEXT Q";"China";"CNY"
"399296";"CHINEXT MOMENTUM G";"China";"CNY"
"399297";"SZSE SINA 100 INDEX";"China";"CNY"
"399298";"SZSE M-H CREDIT BOND";"China";"CNY"
"399299";"SZSE M-L CREDIT BOND";"China";"CNY"
"399300";"CSI 300 INDEX";"China";"CNY"
"399301";"SZSE CREDIT BOND";"China";"CNY"
"399302";"SZSE CORPORATE BOND";"China";"CNY"
"399303";"CNI 2000 INDEX";"China";"CNY"
"399306";"SZSE ETF INDEX";"China";"CNY"
"399307";"SZSE CONV BOND INDEX";"China";"CNY"
"399310";"CNI 50 INDEX";"China";"CNY"
"399311";"CNI 1000 INDEX";"China";"CNY"
"399312";"CNI 300 INDEX";"China";"CNY"
"399313";"CNI 100 INDEX";"China";"CNY"
"399314";"CNI LARGE CAP. INDEX";"China";"CNY"
"399315";"CNI MID-CAP. INDEX";"China";"CNY"
"399316";"CNI SMALL CAP. INDEX";"China";"CNY"
"399317";"CNI A SHARE INDEX";"China";"CNY"
"399318";"CNI B SHARE INDEX";"China";"CNY"
"399319";"CNI RESOURCE INDEX";"China";"CNY"
"399320";"CNI SERVICE INDEX";"China";"CNY"
"399321";"CNI DIVIDEND INDEX";"China";"CNY"
"399322";"CNI GOVERNANCE";"China";"CNY"
"399324";"SZSE DIVIDEND PRICE";"China";"CNY"
"399326";"SZSE GROWTH 40 PRICE";"China";"CNY"
"399328";"SZSE CORP GOVERNANCE";"China";"CNY"
"399330";"Shenzhen 100 Index";"China";"CNY"
"399333";"SZSE SME RETURN";"China";"CNY"
"399335";"SZSE CENTRAL SOE";"China";"CNY"
"399337";"SZSE NON-SOE PRICE";"China";"CNY"
"399339";"SZSE TECH PRICE";"China";"CNY"
"399341";"SZSE CSR PRICE INDEX";"China";"CNY"
"399344";"SZSE 300 INDEX";"China";"CNY"
"399346";"SZSE300 GROWTH PRICE";"China";"CNY"
"399348";"SZSE 300 VALUE PRICE";"China";"CNY"
"399351";"Innovation DEMO";"China";"CNY"
"399352";"Shenzhen Enterprises";"China";"CNY"
"399353";"CNI LOGISTICS INDEX";"China";"CNY"
"399354";"CNI ANALYST INDEX";"China";"CNY"
"399355";"CNI YANGTZE INDEX";"China";"CNY"
"399356";"CNI ZHUJIANG INDEX";"China";"CNY"
"399357";"CNI BOHAI INDEX";"China";"CNY"
"399358";"CNI EP Index";"China";"CNY"
"399359";"CNI INFRASTRUCTURE";"China";"CNY"
"399360";"CNI NG HARDWARE";"China";"CNY"
"399361";"CNI COMMERCIAL CHAIN";"China";"CNY"
"399362";"CNI POEs 100";"China";"CNY"
"399363";"CNI COMPUTER INDEX";"China";"CNY"
"399364";"CNI Consumer 100";"China";"CNY"
"399366";"CNI COMMODITY";"China";"CNY"
"399367";"CNI 1000 Real Estate";"China";"CNY"
"399368";"CNI DEFENSE INDEX";"China";"CNY"
"399370";"CNI GROWTH INDEX";"China";"CNY"
"399371";"CNI VALUE INDEX";"China";"CNY"
"399372";"CNI LARGE CAP.GROWTH";"China";"CNY"
"399373";"CNI LARGE CAP.VALUE";"China";"CNY"
"399374";"CNI MID-CAP. GROWTH";"China";"CNY"
"399375";"CNI MID-CAP. VALUE";"China";"CNY"
"399376";"CNI SMALL CAP.GROWTH";"China";"CNY"
"399377";"CNI SMALL CAP.VALUE";"China";"CNY"
"399378";"CNI Low-Carbon 50";"China";"CNY"
"399379";"CNI FUND INDEX";"China";"CNY"
"399380";"CNI ETF INDEX";"China";"CNY"
"399381";"CNI 1000 ENERGY";"China";"CNY"
"399382";"CNI 1000 MATERIALS";"China";"CNY"
"399383";"CNI 1000 INDUSTRIALS";"China";"CNY"
"399384";"CNI 1000 CONS DISC";"China";"CNY"
"399386";"CNI 1000 HEALTH CARE";"China";"CNY"
"399387";"CNI 1000 FINANCIALS";"China";"CNY"
"399388";"CNI 1000 IT";"China";"CNY"
"399389";"CNI COMMUNICATIONS";"China";"CNY"
"399390";"CNI 1000 UTILITIES";"China";"CNY"
"399391";"CNI INVESTMENT CLOCK";"China";"CNY"
"399392";"CNI EMERGING INDEX";"China";"CNY"
"399393";"CNI REAL ESTATE";"China";"CNY"
"399394";"CNI HEALTH CARE";"China";"CNY"
"399395";"CNI NON-FERROUS";"China";"CNY"
"399396";"CNI FOOD & BEVERAGE";"China";"CNY"
"399399";"CNI-CEI GDP INDEX";"China";"CNY"
"399400";"CNI LARGE-MID CAP.";"China";"CNY"
"399401";"CNI MID-SMALL CAP.";"China";"CNY"
"399402";"CNI CYCLICAL 100";"China";"CNY"
"399404";"CNI LARGE CAP. LV";"China";"CNY"
"399405";"CNI LARGE CAP. HB";"China";"CNY"
"399406";"CNI MID-CAP. LV";"China";"CNY"
"399407";"CNI MID-CAP. HB";"China";"CNY"
"399408";"CNI SMALL CAP. LV";"China";"CNY"
"399409";"CNI SMALL CAP. HB";"China";"CNY"
"399410";"SUZHOU LEADING INDEX";"China";"CNY"
"399411";"CNI DIV. YIELD 100";"China";"CNY"
"399412";"CNI NEW ENERGY INDEX";"China";"CNY"
"399413";"CNI CONV BOND INDEX";"China";"CNY"
"399416";"CNI BIG DATA 300";"China";"CNY"
"399417";"CNI NEW ENERGY VEH.";"China";"CNY"
"399418";"CNI NATL SECURITY";"China";"CNY"
"399419";"CNI HSR INDEX";"China";"CNY"
"399420";"CNI INS. & SE. INDEX";"China";"CNY"
"399427";"PATENT INDEX";"China";"CNY"
"399428";"CNI NP OFFERING";"China";"CNY"
"399429";"NEW SILK ROAD INDEX";"China";"CNY"
"399431";"CNI BANKS INDEX";"China";"CNY"
"399432";"CNI AUTO&COMPONENTS";"China";"CNY"
"399433";"CNI TRANSPORTATION";"China";"CNY"
"399435";"CNI AGRI&FISHERY";"China";"CNY"
"399436";"CNI COAL INDEX";"China";"CNY"
"399437";"CNI Securities Top";"China";"CNY"
"399438";"CNI ELEC-UTILITIES";"China";"CNY"
"399439";"CNI OIL&GAS INDEX";"China";"CNY"
"399440";"CNI FERROUS METALS";"China";"CNY"
"399441";"CNI BIOMEDICINE IDX";"China";"CNY"
"399481";"CNI CORPORATE BOND";"China";"CNY"
"399550";"CCTV 50 INDEX";"China";"CNY"
"399551";"CCTV 50 INNOVATION";"China";"CNY"
"399552";"CCTV 50 GROWTH";"China";"CNY"
"399553";"CCTV 50 RETURN";"China";"CNY"
"399554";"CCTV 50 GOVERNANCE";"China";"CNY"
"399555";"CCTV 50 CSR";"China";"CNY"
"399556";"CCTV ECOLOGY";"China";"CNY"
"399602";"SME300 GROWTH PRICE";"China";"CNY"
"399604";"SME300 VALUE PRICE";"China";"CNY"
"399606";"CHINEXT TRN INDEX";"China";"CNY"
"399608";"SME-CHINEXT TEC 100P";"China";"CNY"
"399610";"SZSE TMT50 PRICE IDX";"China";"CNY"
"399611";"SME-CHINEXT 100 TRN";"China";"CNY"
"399612";"SME-CHINEXT 100";"China";"CNY"
"399613";"SZSE ENERGY INDEX";"China";"CNY"
"399614";"SZSE MATERIALS INDEX";"China";"CNY"
"399616";"SZSE CONS DISC";"China";"CNY"
"399619";"SZSE FINANCIALS";"China";"CNY"
"399620";"SZSE IT INDEX";"China";"CNY"
"399621";"SZSE TELECOM INDEX";"China";"CNY"
"399622";"SZSE UTILITIES INDEX";"China";"CNY"
"399623";"SME PRIME MKT INDEX";"China";"CNY"
"399624";"SME-CHINEXT 400";"China";"CNY"
"399625";"SME-CHINEXT 500";"China";"CNY"
"399626";"SME-CHINEXT GROWTH";"China";"CNY"
"399627";"SME-CHINEXT VALUE";"China";"CNY"
"399628";"SZSE 700 GROWTH";"China";"CNY"
"399629";"SZSE 700 VALUE";"China";"CNY"
"399630";"SZSE 1000 GROWTH";"China";"CNY"
"399631";"SZSE 1000 VALUE";"China";"CNY"
"399632";"Shenzhen 100 EW";"China";"CNY"
"399633";"SZSE 300 EW INDEX";"China";"CNY"
"399634";"SZSE SME EW INDEX";"China";"CNY"
"399637";"SZSE REAL ESTATE";"China";"CNY"
"399639";"SZSE COMMODITY PROD";"China";"CNY"
"399640";"CHINEXT PRIME MARKET";"China";"CNY"
"399641";"SZSE EMERGING";"China";"CNY"
"399642";"SME EMERGING";"China";"CNY"
"399644";"SZSE INVESTMENT CLK";"China";"CNY"
"399645";"SZ100 LOW VOLATILITY";"China";"CNY"
"399646";"SZSE CONSUMER 50";"China";"CNY"
"399647";"SZSE HEALTH CARE 50";"China";"CNY"
"399649";"SME DIVIDEND INDEX";"China";"CNY"
"399650";"SME CORP GOVERNANCE";"China";"CNY"
"399651";"SME CSR INDEX";"China";"CNY"
"399653";"SZSE INDUSTRY TOP";"China";"CNY"
"399656";"100 PERFORMANCE WT";"China";"CNY"
"399657";"300 PERFORMANCE WT";"China";"CNY"
"399658";"SME PERFORMANCE WT";"China";"CNY"
"399659";"Shenzhen ComponentEW";"China";"CNY"
"399660";"SME-CHINEXT 100 EW";"China";"CNY"
"399661";"SZSE 300 LV";"China";"CNY"
"399662";"SZSE 300 HB";"China";"CNY"
"399663";"SME 300 LV";"China";"CNY"
"399664";"SME 300 HB";"China";"CNY"
"399665";"SME-CHINEXT 500 LV";"China";"CNY"
"399666";"SME-CHINEXT 500 HB";"China";"CNY"
"399667";"CHINEXT 300 GROWTH";"China";"CNY"
"399668";"CHINEXT 300 VALUE";"China";"CNY"
"399670";"SZSE CYCLICAL 50";"China";"CNY"
"399671";"SZSE DEFENSIVE 50";"China";"CNY"
"399672";"SZSE DIV. YIELD 50";"China";"CNY"
"399673";"SZSE CHINEXT 50";"China";"CNY"
"399674";"SZSE A HEALTH CARE";"China";"CNY"
"399675";"SZSE A SFW&INTERNET";"China";"CNY"
"399676";"SZSE A HEALTHCARE EW";"China";"CNY"
"399677";"SZSE A SFW&INTNET EW";"China";"CNY"
"399679";"SZSE 200 TRN";"China";"CNY"
"399680";"SZSE 500 ENERGY";"China";"CNY"
"399681";"SZSE 500 MATERIALS";"China";"CNY"
"399683";"SZSE 500 CONS DISC";"China";"CNY"
"399685";"SZSE 500 HEALTH CARE";"China";"CNY"
"399686";"SZSE 500 FINANCIALS";"China";"CNY"
"399687";"SZSE 500 IT";"China";"CNY"
"399689";"SZSE 500 UTILITIES";"China";"CNY"
"399690";"SZSE SME PATENT";"China";"CNY"
"399692";"CHINEXT 300 LV";"China";"CNY"
"399693";"SZSE SECURITY INDUS";"China";"CNY"
"399694";"CHINEXT 300 HB";"China";"CNY"
"399695";"SZSE EC INDEX";"China";"CNY"
"399696";"SZSE VC INDEX";"China";"CNY"
"399697";"SZSE Z NON-SOE 60";"China";"CNY"
"399699";"CNI FinTech Index";"China";"CNY"
"399701";"SZFI 60";"China";"CNY"
"399702";"SZFI 120";"China";"CNY"
"399703";"SZFI 200";"China";"CNY"
"399705";"SZSE MIDSTREAM";"China";"CNY"
"399707";"CSSW SECURITIES";"China";"CNY"
"399802";"500 SZSE";"China";"CNY"
"399803";"CSI INDUSTRY 4.0";"China";"CNY"
"399804";"CSI SPORT";"China";"CNY"
"399806";"ENVIRON-GOVERNANCE";"China";"CNY"
"399807";"HIGH-SPEED RAILWAY";"China";"CNY"
"399808";"CSI NEW ENERGY";"China";"CNY"
"399809";"INSURANCE THEME";"China";"CNY"
"399811";"CSSW ELECTRONICS";"China";"CNY"
"399812";"CSI OLD-AGE INDUSTRY";"China";"CNY"
"399813";"CSI DEFENSE SECURITY";"China";"CNY"
"399817";"ECOLOGY 100";"China";"CNY"
"399901";"WELL-OFF INDEX";"China";"CNY"
"399903";"CSI 100 INDEX";"China";"CNY"
"399904";"CSI 200 INDEX";"China";"CNY"
"399905";"CSI 500 INDEX";"China";"CNY"
"399913";"CSI 300 HEALTH CARE";"China";"CNY"
"399914";"CSI 300 FINANCIALS";"China";"CNY"
"399928";"CSI ENERGY INDEX";"China";"CNY"
"399934";"CSI FINANCIALS INDEX";"China";"CNY"
"399935";"CSI IT";"China";"CNY"
"399944";"CN RESOURCE";"China";"CNY"
"399958";"INNOVATIVE&GROWING";"China";"CNY"
"399959";"DEFENCE INDEX";"China";"CNY"
"399965";"800 REAL ESTATE";"China";"CNY"
"399966";"800 FIN";"China";"CNY"
"399970";"MOBILE INTERNET";"China";"CNY"
"399971";"CSI MEDIA";"China";"CNY"
"399972";"300 SZSE";"China";"CNY"
"399973";"CSI DEFENSE";"China";"CNY"
"399974";"CSI SOES REFORM";"China";"CNY"
"399975";"ALL SHARE BROKERAGE";"China";"CNY"
"399976";"NEW ENERGY VEHICLES";"China";"CNY"
"399982";"CSI 500 EW";"China";"CNY"
"399983";"300 REAL ESTATE EW";"China";"CNY"
"399986";"CSI BANKS INDEX";"China";"CNY"
"399989";"CSI MEDICAL SERVICE";"China";"CNY"
"399990";"CSI COAL EW";"China";"CNY"
"399991";"CSI OBOR";"China";"CNY"
"399992";"CSWD M&A";"China";"CNY"
"399993";"CSWD BIOTECHNOLOGY";"China";"CNY"
"399994";"CSI INFO-SECURITY";"China";"CNY"
"399995";"CONST-ENGINEERING";"China";"CNY"
"399996";"CSI SMART HOME";"China";"CNY"
"399998";"CSI COAL";"China";"CNY"
"4010";"S&P/CSE Banks Industry Group In";"Sri Lanka";"LKR"
"4020";"S&P/CSE Diversified Financials ";"Sri Lanka";"LKR"
"4030";"S&P/CSE Insurance Industry Grou";"Sri Lanka";"LKR"
"4405S";"NIKEI/SG WT 16";"Netherlands";"EUR"
"4406S";"NIKEI/SG WT 16";"Netherlands";"EUR"
"4407S";"NIKEI/SG WT 16";"Netherlands";"EUR"
"4421S";"NIKEI/SG WT 18";"Netherlands";"EUR"
"4432C";"BOUYG/CITI P-WT 16";"Netherlands";"EUR"
"4457C";"CAGRI/CITI P-WT 16";"Netherlands";"EUR"
"4461C";"CAPGE/CITI WT 16";"Netherlands";"EUR"
"4484C";"ACCOR/CITI WT 16";"Netherlands";"EUR"
"4527C";"ESILO/CITI P-WT 16";"Netherlands";"EUR"
"4538C";"EADS/CITI P-WT 16";"Netherlands";"EUR"
"4601C";"RENAU/CITI WT 16";"Netherlands";"EUR"
"4608C";"AIRFR/CITI P-WT 16";"Netherlands";"EUR"
"4625C";"AIRFR/CITI P-WT 16";"Netherlands";"EUR"
"4643C";"AIRLQ/CITI WT 16";"Netherlands";"EUR"
"4647C";"AIRLQ/CITI WT 16";"Netherlands";"EUR"
"4833C";"FB/CITI P-WT 16";"Netherlands";"EUR"
"5235C";"CAPGE/CITI P-WT 16";"Netherlands";"EUR"
"5379C";"BOUYG/CITI P-WT 16";"Netherlands";"EUR"
"5407C";"CASIN/CITI P-WT 16";"Netherlands";"EUR"
"5423C";"CAGRI/CITI P-WT 16";"Netherlands";"EUR"
"5475C";"NATIX/CITI P-WT 16";"Netherlands";"EUR"
"5510";"S&P/CSE Utilities Industry Grou";"Sri Lanka";"LKR"
"5615C";"GDF/CITI WT 16";"Netherlands";"EUR"
"5641C";"GDF/CITI P-WT 16";"Netherlands";"EUR"
"5645C";"PEUGO/CITI WT OPEN";"Netherlands";"EUR"
"5646C";"PUBLI/CITI WT 16";"Netherlands";"EUR"
"5649C";"SAFRN/CITI P-WT";"Netherlands";"EUR"
"5661C";"VEOLI/CITI WT 16";"Netherlands";"EUR"
"5670C";"VEOLI/CITI WT 16";"Netherlands";"EUR"
"5690C";"VALOU/CITI WT 16";"Netherlands";"EUR"
"5695C";"VEOLI/CITI P-WT 16";"Netherlands";"EUR"
"5700C";"VALOU/CITI WT 16";"Netherlands";"EUR"
"5774C";"FRCIA/CITI P-WT";"Netherlands";"EUR"
"5825S";"iShs-Core MSCI EM IMI U.ETF Reg";"Netherlands";"EUR"
"5847C";"LVMH/CITI WT 16";"Netherlands";"EUR"
"6010";"S&P/CSE Real Estate Industry Gr";"Sri Lanka";"LKR"
"6033C";"CAC40/CITI WT 16";"Netherlands";"EUR"
"6104C";"PEUGO/CITI WT 16";"Netherlands";"EUR"
"6123C";"PEUGO/CITI P-WT 16";"Netherlands";"EUR"
"6165C";"PEUGO/CITI P-WT 16";"Netherlands";"EUR"
"6183C";"KER/CITI WT 16";"Netherlands";"EUR"
"6260C";"KER/CITI P-WT 16";"Netherlands";"EUR"
"6268C";"PUBLI/CITI WT 16";"Netherlands";"EUR"
"6277C";"PUBLI/CITI WT 16";"Netherlands";"EUR"
"6344C";"PUBLI/CITI P-WT 16";"Netherlands";"EUR"
"7091C";"CAC40/CITI WT 16";"Netherlands";"EUR"
"8810C";"SANOF/CITI P-WT 16";"Netherlands";"EUR"
"8954C";"STGOB/CITI P-WT 16";"Netherlands";"EUR"
"9133C";"TECHP/CITI WT 16";"Netherlands";"EUR"
"9197C";"CAC40/CITI WT 16";"Netherlands";"EUR"
"9263S";"ALCAT/SG WT 17";"Netherlands";"EUR"
"9285S";"BNP/SG WT 17";"Netherlands";"EUR"
"9295S";"CAGRI/SG WT 17";"Netherlands";"EUR"
"931075";"CSI Hong Kong 1.3 Index";"China";"HKD"
"9330C";"GOLD/CITI WT 16";"Netherlands";"EUR"
"9369C";"GOLD/CITI P-WT 16";"Netherlands";"EUR"
"9430C";"UNIBL/CITI P-WT 16";"Netherlands";"EUR"
"9497C";"SILVE/CITI P-WT 16";"Netherlands";"EUR"
"9776C";"CAC40/CITI P-WT 16";"Netherlands";"EUR"
"A12LE";"AEX X12 LEV NR";"Netherlands";"EUR"
"A15LE";"AEX X15 LEV NR";"Netherlands";"EUR"
"AAX";"AEX ALL-SHARE";"Netherlands";"EUR"
"AAXG";"AEX ALL-SHARE GR";"Netherlands";"EUR"
"ABI5L";"ABI5L INDEX";"Belgium";"EUR"
"ACA3L";"ACA3L INDEX";"France";"EUR"
"ACA5I";"ACA5I Index";"France";"EUR"
"AE10L";"AEX X10 LEV NR";"Netherlands";"EUR"
"AE10S";"AEX X10 SHORT GR";"Netherlands";"EUR"
"AE12L";"AEX X12 LEV NR";"Netherlands";"EUR"
"AE12S";"AEX X12 SHORT GR";"Netherlands";"EUR"
"AE15S";"AEX X15 SHORT GR";"Netherlands";"EUR"
"AEEXT";"AEX EXT";"Netherlands";"EUR"
"AELRG";"AEX LOW RISK GR";"Netherlands";"EUR"
"AELRN";"AEX LOW RISK NR";"Netherlands";"EUR"
"AETAW";"AEX ALL-TRADE AW";"Netherlands";"EUR"
"AEX";"AEX-INDEX";"Netherlands";"EUR"
"AEX2S";"AEX X2 SHORT GR";"Netherlands";"EUR"
"AEX3L";"AEX X3 LEVERAGE NR";"Netherlands";"EUR"
"AEX3S";"AEX X3 SHORT GR";"Netherlands";"EUR"
"AEX4L";"AEX X4 LEVERAGE NR";"Netherlands";"EUR"
"AEX4S";"AEX X4 SHORT GR";"Netherlands";"EUR"
"AEX5L";"AEX X5 LEVERAGE NR";"Netherlands";"EUR"
"AEX5S";"AEX X5 SHORT GR";"Netherlands";"EUR"
"AEX6L";"AEX X6 LEVERAGE NR";"Netherlands";"EUR"
"AEX6S";"AEX X6 SHORT GR";"Netherlands";"EUR"
"AEX7L";"AEX X7 LEVERAGE NR";"Netherlands";"EUR"
"AEX7S";"AEX X7 SHORT GR";"Netherlands";"EUR"
"AEXAT";"AEX ALL-TRADABLE";"Netherlands";"EUR"
"AEXCC";"AEX COVERED CALL";"Netherlands";"EUR"
"AEXDI";"AEX DI";"Netherlands";"EUR"
"AEXEG";"AEX EQUAL W GR";"Netherlands";"EUR"
"AEXEN";"AEX EQUAL W NR";"Netherlands";"EUR"
"AEXEW";"AEX EQUAL WEIGHT";"Netherlands";"EUR"
"AEXGR";"AEX GR";"Netherlands";"EUR"
"AEXHD";"AEX HIGH DIV NR";"Netherlands";"EUR"
"AEXKI";"AEX DFT Oranje";"Netherlands";"EUR"
"AEXLR";"AEX LOW RISK";"Netherlands";"EUR"
"AEXLV";"AEX LEVERAGE";"Netherlands";"EUR"
"AEXNL";"AEX LEVERAGE NR";"Netherlands";"EUR"
"AEXNR";"AEX NR";"Netherlands";"EUR"
"AEXPP";"AEX PROTECTIVE PUT";"Netherlands";"EUR"
"AEXSH";"AEX SHORT GR";"Netherlands";"EUR"
"AEXTG";"AEX ALL-TRADE GR";"Netherlands";"EUR"
"AEXTL";"AEX TR LEVERAGE";"Netherlands";"EUR"
"AEXTN";"AEX ALL-TRADE NR";"Netherlands";"EUR"
"AEXXB";"AEX XBEAR GR";"Netherlands";"EUR"
"AIM1";"FTSE AIM 100 Index";"United Kingdom";"GBP"
"AMX";"AMX-INDEX";"Netherlands";"EUR"
"AMX4L";"AMX X4 LEVERAGE NR";"Netherlands";"EUR"
"AMX4S";"AMX X4 SHORT GR";"Netherlands";"EUR"
"AMXGR";"AMX GR";"Netherlands";"EUR"
"AMXNR";"AMX NR";"Netherlands";"EUR"
"AREUG";"AEX GR";"Netherlands";"EUR"
"AREUN";"AEX NR";"Netherlands";"EUR"
"AREUT";"AEX-INDEX";"Netherlands";"EUR"
"ASCX";"ASCX-INDEX";"Netherlands";"EUR"
"ASCXG";"ASCX GR";"Netherlands";"EUR"
"ASCXN";"ASCX NR";"Netherlands";"EUR"
"AT1000";"AT1 EXTRACTIVA";"Mexico";"MXN"
"AT3000";"AT3 CONSTRUYE";"Mexico";"MXN"
"AT4000";"AT4 COMERCIO";"Mexico";"MXN"
"AT5000";"AT5 ENLACE";"Mexico";"MXN"
"AT6000";"AT6 SERVICIOS";"Mexico";"MXN"
"ATAWG";"AEX ALL-TRA AW GR";"Netherlands";"EUR"
"ATAWN";"AEX ALL-TRA AW NR";"Netherlands";"EUR"
"ATX";"Austrian Traded Index in EUR";"Australia";"EUR"
"AXJO";"S&P/ASX 200";"Australia";"AUD"
"B3L";"INDICE BBVA APALANCADO X3";"Spain";"EUR"
"B3S";"INDICE BBVA INVERSO X3";"Spain";"EUR"
"B5L";"INDICE BBVA APALANCADO X5";"Spain";"EUR"
"B5S";"INDICE BBVA INVERSO X5";"Spain";"EUR"
"BB";"BMBRA";"Mexico";"MXN"
"BE3LN";"BEL 20 X3 LEV NR";"Belgium";"EUR"
"BEBEV";"BEL BEVERAGES";"Belgium";"EUR"
"BEBM";"BEL BASIC MATER NR";"Belgium";"EUR"
"BEBMP";"BEL BASIC MATER";"Belgium";"EUR"
"BECG";"BEL CONS DISCR NR";"Belgium";"EUR"
"BECGP";"BEL CONS DISCR";"Belgium";"EUR"
"BECH";"BEL CHEMICALS";"Belgium";"EUR"
"BECHP";"BEL CHEMICALS";"Belgium";"EUR"
"BECM";"BEL CONSTR.& MAT.";"Belgium";"EUR"
"BECS";"BEL CONS STAPL NR";"Belgium";"EUR"
"BECSP";"BEL CONS STAPLES";"Belgium";"EUR"
"BEFIN";"BEL FINANCIALS NR";"Belgium";"EUR"
"BEFIP";"BEL FINANCIALS";"Belgium";"EUR"
"BEFPR";"BEL FOOD PRODUCERS";"Belgium";"EUR"
"BEHC";"BEL HLTH CARE NR";"Belgium";"EUR"
"BEHCP";"BEL HEALTH CARE";"Belgium";"EUR"
"BEIN";"BEL INDUSTRIALS NR";"Belgium";"EUR"
"BEINP";"BEL INDUSTRIALS";"Belgium";"EUR"
"BEL20";"BEL 20";"Belgium";"EUR"
"BEL2I";"BEL 20 GR";"Belgium";"EUR"
"BEL2P";"BEL 20 NR";"Belgium";"EUR"
"BEL2S";"BEL 20 X2 SHORT GR";"Belgium";"EUR"
"BEL3L";"BEL X3 LEV";"Belgium";"EUR"
"BEL3S";"BEL 20 X3 SHORT GR";"Belgium";"EUR"
"BEL5L";"BEL 20 X5 LEV NR";"Belgium";"EUR"
"BEL5S";"BEL 20 X5 SH GR";"Belgium";"EUR"
"BELAR";"BEL ALL-SHARE NR";"Belgium";"EUR"
"BELAS";"BEL ALL-SHARE";"Belgium";"EUR"
"BELCP";"BEL CONTINUOUS";"Belgium";"EUR"
"BELCU";"BEL CONTIN STCK NR";"Belgium";"EUR"
"BELHD";"BEL HIGH DIV NR";"Belgium";"EUR"
"BELLV";"BEL 20 LEVERAGE";"Belgium";"EUR"
"BELM";"BEL MID INDEX";"Belgium";"EUR"
"BELMC";"BEL MID NR";"Belgium";"EUR"
"BELMG";"BEL MID GR";"Belgium";"EUR"
"BELS";"BEL SMALL INDEX";"Belgium";"EUR"
"BELSC";"BEL SMALL NR";"Belgium";"EUR"
"BELSG";"BEL SMALL GR";"Belgium";"EUR"
"BELSH";"BEL 20 SHORT GR";"Belgium";"EUR"
"BELTL";"BEL 20 TR LEVERAGE";"Belgium";"EUR"
"BELXB";"BEL 20 XBEAR GR";"Belgium";"EUR"
"BELXB";"BEL 20 XBEAR GR";"Portugal";"EUR"
"BEMEP";"BEL MEDIA";"Belgium";"EUR"
"BEOG";"BEL ENERGY NR";"Belgium";"EUR"
"BEOGP";"BEL ENERGY";"Belgium";"EUR"
"BEPB";"BEL PHARM.& BIOTECH";"Belgium";"EUR"
"BEPBP";"BEL PHARMA&BIO";"Belgium";"EUR"
"BERE";"BEL REAL ESTATE";"Belgium";"EUR"
"BEREN";"BEL REAL ESTATE NR";"Belgium";"EUR"
"BERS";"BEL RE INV&SERV NR ";"Belgium";"EUR"
"BESCS";"BEL SOFT.& COMP.SER";"Belgium";"EUR"
"BESGD";"BNL ESG L20 D 4.5%";"Netherlands";"EUR"
"BESGG";"BNL ESG L20 GR";"Netherlands";"EUR"
"BESGN";"BNL ESG L20 NR";"Netherlands";"EUR"
"BESGP";"BNL ESG L20";"Netherlands";"EUR"
"BETEC";"BEL TECHNOLOGY NR";"Belgium";"EUR"
"BETEL";"BEL TELECOM NR";"Belgium";"EUR"
"BETEP";"BEL TELECOM";"Belgium";"EUR"
"BETP";"BEL TECHNOLOGY";"Belgium";"EUR"
"BEUT";"BEL UTILITIES NR";"Belgium";"EUR"
"BEUTP";"BEL UTILITIES";"Belgium";"EUR"
"BFX";"BEL 20";"Belgium";"EUR"
"BNEW";"EN BENE 40 EW";"Netherlands";"EUR"
"BNEWE";"EN BENE 40 EW ER";"Netherlands";"EUR"
"BNEWG";"EN BENE 40 EW GR";"Netherlands";"EUR"
"BNEWN";"EN BENE 40 EW NR";"Netherlands";"EUR"
"BNEWV";"EN BENE 40 EW VT";"Netherlands";"EUR"
"BNP3L";"BNP3L INDEX";"France";"EUR"
"BNP5L";"BNP5L INDEX";"France";"EUR"
"BPX";"ISE British Pound FX Index";"United States of America";"USD"
"BREUG";"BEL 20 GR";"Belgium";"EUR"
"BREUN";"BEL 20 NR";"Belgium";"EUR"
"BREUT";"BEL 20";"Belgium";"EUR"
"BSE.100";"S&P BSE 100 INDEX";"India";"INR"
"BSE.MIDCAP";"S&P BSE MIDCAP INDEX";"India";"INR"
"BSE.SMLCAP";"S&P BSE SMALLCAP INDEX";"India";"INR"
"BSESN";"S&P BSE SENSEX";"India";"INR"
"BT";"BMBRART";"Mexico";"MXN"
"BVL";"PSI ALL-SHARE";"Portugal";"EUR"
"BVLG";"PSI ALL-SHARE GR";"Portugal";"EUR"
"C550S";"CAC40/SG P-WT 17";"Netherlands";"EUR"
"CA10S";"CAC 40 X10 SH GR";"Netherlands";"EUR"
"CA12S";"CAC 40 X 12 SH GR";"Netherlands";"EUR"
"CA12S";"CAC 40 X12 SH GR";"France";"EUR"
"CA15S";"CAC 40 X15 SH GR";"Netherlands";"EUR"
"CADC";"CNI EU A&D CNY";"Netherlands";"CNY"
"CADCE";"CNI EU A&D GR CNY";"Netherlands";"CNY"
"CADE";"CNI EU A&D EUR";"Netherlands";"EUR"
"CADGE";"CNI EU A&D GR EUR";"Netherlands";"EUR"
"CAIND";"Euronext CA Index";"Netherlands";"EUR"
"CASE30";"EGX 30 Price Return Index";"United States";"EGP"
"CCIC";"CNI EU C I CNY";"Netherlands";"CNY"
"CCICE";"CNI EU C I GR CNY";"Netherlands";"CNY"
"CCIE";"CNI EU C I EUR";"Netherlands";"EUR"
"CCIGE";"CNI EU C I GR EUR";"Netherlands";"EUR"
"C&E";"Construction And Engineering In";"Sri Lanka";"LKR"
"CEE1G";"EN CE 1 ESG EW GR";"Netherlands";"EUR"
"CEE1N";"EN CE 1 ESG EW NR";"Netherlands";"EUR"
"CEE1P";"EN CORE E1 ESG EW";"Netherlands";"EUR"
"CEE3G";"EN CE 30 ESG EW GR";"Netherlands";"EUR"
"CEE3N";"EN CE 30 ESG EW NR";"Netherlands";"EUR"
"CEE3P";"EN CORE E30 ESG EW";"Netherlands";"EUR"
"CES100";"CES SHANGHAI-HKG SELECT 100 IND";"Hong Kong";"HKD"
"CES120";"CESC CHINA 120 INDEX";"Hong Kong";"CNY"
"CES280";"CES CHINA 280 INDEX";"Hong Kong";"CNY"
"CES300";"CES SHANGHAI-HKG STOCK CONNECT ";"Hong Kong";"CNY"
"CESA80";"CES CHINA A80 INDEX";"Hong Kong";"CNY"
"CESG1";"ENCE1 ESGEW D5%NR";"Netherlands";"EUR"
"CESG10";"CES GAMING TOP 10 INDEX";"Hong Kong";"HKD"
"CESG3";"ENCE30 ESGEW D5%NR";"Netherlands";"EUR"
"CIMGC";"CNI EU I M I GR C";"Netherlands";"CNY"
"CIMGE";"CNI EU I M I GR E";"Netherlands";"EUR"
"CIMIC";"CNI EU I M I CNY";"Netherlands";"CNY"
"CIMIE";"CNI EU I M I EUR";"Netherlands";"EUR"
"CLE5G";"EN EZ E TR L 50 GR";"Netherlands";"EUR"
"CLE5N";"EN EZ E TR L 50 NR";"Netherlands";"EUR"
"CLE5P";"EN EZ ENER TR L 50";"Netherlands";"EUR"
"CLIE5";"EN EZ E T L 50 D5%";"Netherlands";"EUR"
"CNX100";"NIFTY 100";"India";"INR"
"CNXAUTO";"NIFTY AUTO";"India";"INR"
"CNXENERGY";"NIFTY ENERGY";"India";"INR"
"CNXFMCG";"NIFTY FMCG";"India";"INR"
"CNXIT";"NIFTY IT";"India";"INR"
"CNXMEDIA";"NIFTY MEDIA";"India";"INR"
"CNXMETAL";"NIFTY METAL";"India";"INR"
"CNXPHARMA";"NIFTY PHARMA";"India";"INR"
"CNXREALTY";"NIFTY REALTY";"India";"INR"
"CNXSC";"NIFTY SMLCAP 100";"India";"INR"
"COMP";"NASDAQ Composite";"United States";"USD"
"COP5D";"EN COP 50 EW 4.5%D";"Netherlands";"EUR"
"COP5E";"EN COP 50 EW ER";"Netherlands";"EUR"
"COR30";"EN CE EW30 D 5% NR";"Netherlands";"EUR"
"COR3D";"EN CE EW30 D 5% GR";"Netherlands";"EUR"
"COR3G";"EN CORE E30 EW GR";"Netherlands";"EUR"
"COR3N";"EN CORE E30 EW NR";"Netherlands";"EUR"
"COR3P";"EN CORE E30 EW";"Netherlands";"EUR"
"COREN";"EN CORE E100 EW NR";"Netherlands";"EUR"
"COREU";"EN CE EW DEC 5% NR";"Netherlands";"EUR"
"CQLC";"CNI EUQLTY L CNY";"Netherlands";"CNY"
"CQLE";"CNI EU QLTY L EUR";"Netherlands";"EUR"
"CQLGC";"CNI EU QLTY L GR C";"Netherlands";"CNY"
"CQLGE";"CNI EU QLTY L GR E";"Netherlands";"EUR"
"CRD3L";"CRD3L INDEX";"France";"EUR"
"CRSMID";"NIFTY Midcap 100";"India";"INR"
"CSH15";"CAC 40 X15 SH GR";"France";"EUR"
"CSHK100";"CSI HKG 100 INDEX";"Hong Kong";"HKD"
"DDBOL";"DDBOL";"Mexico";"MXN"
"DJI";"Dow Jones Industrial Average";"United States";"USD"
"DJI2MN";"Dow Jones Industrial Average ";"United States";"USD"
"DJT";"Dow Jones Transportation Averag";"United States";"USD"
"DJUSAE";"Dow Jones U.S. Aerospace & Defe";"United States";"USD"
"DJUSAF";"Dow Jones U.S. Delivery Service";"United States";"USD"
"DJUSAG";"Dow Jones U.S. Asset Managers I";"United States";"USD"
"DJUSAI";"Dow Jones U.S. Electronic Equip";"United States";"USD"
"DJUSAL";"Dow Jones U.S. Aluminum Index";"United States";"USD"
"DJUSAM";"Dow Jones U.S. Medical Equipmen";"United States";"USD"
"DJUSAP";"Dow Jones U.S. Automobiles & Pa";"United States";"USD"
"DJUSAR";"Dow Jones U.S. Airlines Index";"United States";"USD"
"DJUSAS";"Dow Jones U.S. Aerospace Index";"United States";"USD"
"DJUSAT";"Dow Jones U.S. Auto Parts Index";"United States";"USD"
"DJUSAU";"Dow Jones U.S. Automobiles Inde";"United States";"USD"
"DJUSAV";"Dow Jones U.S. Media Agencies I";"United States";"USD"
"DJUSBC";"Dow Jones U.S. Broadcasting & E";"United States";"USD"
"DJUSBE";"Dow Jones U.S. Business Trainin";"United States";"USD"
"DJUSBK";"Dow Jones U.S. Banks Index";"United States";"USD"
"DJUSBM";"Dow Jones U.S. Basic Materials ";"United States";"USD"
"DJUSBS";"Dow Jones U.S. Basic Resources ";"United States";"USD"
"DJUSBV";"Dow Jones U.S. Beverages Index";"United States";"USD"
"DJUSCA";"Dow Jones U.S. Gambling Index";"United States";"USD"
"DJUSCC";"Dow Jones U.S. Commodity Chemic";"United States";"USD"
"DJUSCF";"Dow Jones U.S. Clothing & Acces";"United States";"USD"
"DJUSCG";"Dow Jones U.S. Travel & Leisure";"United States";"USD"
"DJUSCH";"Dow Jones U.S. Chemicals Index";"United States";"USD"
"DJUSCL";"Dow Jones U.S. Coal Index";"United States";"USD"
"DJUSCN";"Dow Jones U.S. Construction & M";"United States";"USD"
"DJUSCP";"Dow Jones U.S. Containers & Pac";"United States";"USD"
"DJUSCS";"Dow Jones U.S. Specialized Cons";"United States";"USD"
"DJUSCX";"Dow Jones U.S. Specialty Chemic";"United States";"USD"
"DJUSDB";"Dow Jones U.S. Brewers Index";"United States";"USD"
"DJUSDN";"Dow Jones U.S. Defense Index";"United States";"USD"
"DJUSDR";"Dow Jones U.S. Food & Drug Reta";"United States";"USD"
"DJUSDT";"Dow Jones U.S. Diversified REIT";"United States";"USD"
"DJUSDV";"Dow Jones U.S. Computer Service";"United States";"USD"
"DJUSEC";"Dow Jones U.S. Electrical Compo";"United States";"USD"
"DJUSEE";"Dow Jones U.S. Electronic & Ele";"United States";"USD"
"DJUSEH";"Dow Jones U.S. Real Estate Hold";"United States";"USD"
"DJUSEN";"Dow Jones U.S. Oil & Gas Index";"United States";"USD"
"DJUSES";"Dow Jones U.S. Real Estate Serv";"United States";"USD"
"DJUSFA";"Dow Jones U.S. Financial Admini";"United States";"USD"
"DJUSFB";"Dow Jones U.S. Food & Beverage ";"United States";"USD"
"DJUSFC";"Dow Jones U.S. Fixed Line Telec";"United States";"USD"
"DJUSFD";"Dow Jones U.S. Food Retailers &";"United States";"USD"
"DJUSFE";"Dow Jones U.S. Industrial Machi";"United States";"USD"
"DJUSFI";"Dow Jones U.S. Financial Servic";"United States";"USD"
"DJUSFN";"Dow Jones U.S. Financials Index";"United States";"USD"
"DJUSFO";"Dow Jones U.S. Food Producers I";"United States";"USD"
"DJUSFP";"Dow Jones U.S. Food Products In";"United States";"USD"
"DJUSFR";"Dow Jones U.S. Forestry & Paper";"United States";"USD"
"DJUSFT";"Dow Jones U.S. Footwear Index";"United States";"USD"
"DJUSGF";"Dow Jones U.S. Financial Servic";"United States";"USD"
"DJUSGI";"Dow Jones U.S. General Industri";"United States";"USD"
"DJUSGT";"Dow Jones U.S. General Retailer";"United States";"USD"
"DJUSGU";"Dow Jones U.S. Gas Distribution";"United States";"USD"
"DJUSHB";"Dow Jones U.S. Home Constructio";"United States";"USD"
"DJUSHC";"Dow Jones U.S. Health Care Inde";"United States";"USD"
"DJUSHG";"Dow Jones U.S. Household Goods ";"United States";"USD"
"DJUSHI";"Dow Jones U.S. Home Improvement";"United States";"USD"
"DJUSHL";"Dow Jones U.S. Hotel & Lodging ";"United States";"USD"
"DJUSHR";"Dow Jones U.S. Commercial Vehic";"United States";"USD"
"DJUSHV";"Dow Jones U.S. Heavy Constructi";"United States";"USD"
"DJUSIB";"Dow Jones U.S. Insurance Broker";"United States";"USD"
"DJUSID";"Dow Jones U.S. Diversified Indu";"United States";"USD"
"DJUSIF";"Dow Jones U.S. Full Line Insura";"United States";"USD"
"DJUSIG";"Dow Jones U.S. Industrial Goods";"United States";"USD"
"DJUSIL";"Dow Jones U.S. Life Insurance I";"United States";"USD"
"DJUSIM";"Dow Jones U.S. Industrial Metal";"United States";"USD"
"DJUSIN";"Dow Jones U.S. Industrials Inde";"United States";"USD"
"DJUSIP";"Dow Jones U.S. Property & Casua";"United States";"USD"
"DJUSIQ";"Dow Jones U.S. Industrial Engin";"United States";"USD"
"DJUSIR";"Dow Jones U.S. Insurance Index";"United States";"USD"
"DJUSIS";"Dow Jones U.S. Support Services";"United States";"USD"
"DJUSIT";"Dow Jones U.S. Industrial Trans";"United States";"USD"
"DJUSIV";"Dow Jones U.S. Business Support";"United States";"USD"
"DJUSIX";"Dow Jones U.S. Nonlife Insuranc";"United States";"USD"
"DJUSLE";"Dow Jones U.S. Leisure Goods In";"United States";"USD"
"DJUSLG";"Dow Jones U.S. Hotels Index";"United States";"USD"
"DJUSMC";"Dow Jones U.S. Health Care Equi";"United States";"USD"
"DJUSME";"Dow Jones U.S. Media Index";"United States";"USD"
"DJUSMF";"Dow Jones U.S. Mortgage Finance";"United States";"USD"
"DJUSMG";"Dow Jones U.S. Mining Index";"United States";"USD"
"DJUSMR";"Dow Jones U.S. Mortgage REITs I";"United States";"USD"
"DJUSMT";"Dow Jones U.S. Marine Transport";"United States";"USD"
"DJUSMU";"Dow Jones U.S. Multiutilities I";"United States";"USD"
"DJUSNC";"Dow Jones U.S. Consumer Goods I";"United States";"USD"
"DJUSNF";"Dow Jones U.S. Nonferrous Metal";"United States";"USD"
"DJUSNG";"Dow Jones U.S. Personal & House";"United States";"USD"
"DJUSNS";"Dow Jones U.S. Internet Index";"United States";"USD"
"DJUSOG";"Dow Jones U.S. Oil & Gas Produc";"United States";"USD"
"DJUSOI";"Dow Jones U.S. Oil Equipment & ";"United States";"USD"
"DJUSOL";"Dow Jones U.S. Integrated Oil &";"United States";"USD"
"DJUSOQ";"Dow Jones U.S. Oil Equipment Se";"United States";"USD"
"DJUSOS";"Dow Jones U.S. Exploration & Pr";"United States";"USD"
"DJUSPB";"Dow Jones U.S. Publishing Index";"United States";"USD"
"DJUSPC";"Dow Jones U.S. Waste & Disposal";"United States";"USD"
"DJUSPL";"Dow Jones U.S. Pipelines Index";"United States";"USD"
"DJUSPM";"Dow Jones U.S. Gold Mining Inde";"United States";"USD"
"DJUSPN";"Dow Jones U.S. Pharmaceuticals ";"United States";"USD"
"DJUSPP";"Dow Jones U.S. Paper Index";"United States";"USD"
"DJUSPR";"Dow Jones U.S. Pharmaceuticals ";"United States";"USD"
"DJUSRA";"Dow Jones U.S. Apparel Retailer";"United States";"USD"
"DJUSRB";"Dow Jones U.S. Broadline Retail";"United States";"USD"
"DJUSRD";"Dow Jones U.S. Drug Retailers I";"United States";"USD"
"DJUSRH";"Dow Jones U.S. Real Estate Inve";"United States";"USD"
"DJUSRL";"Dow Jones U.S. Retail REITs Ind";"United States";"USD"
"DJUSRP";"Dow Jones U.S. Recreational Pro";"United States";"USD"
"DJUSRQ";"Dow Jones U.S. Recreational Ser";"United States";"USD"
"DJUSRR";"Dow Jones U.S. Railroads Index";"United States";"USD"
"DJUSRS";"Dow Jones U.S. Specialty Retail";"United States";"USD"
"DJUSRT";"Dow Jones U.S. Retail Index";"United States";"USD"
"DJUSRU";"Dow Jones U.S. Restaurants & Ba";"United States";"USD"
"DJUSSC";"Dow Jones U.S. Semiconductors I";"United States";"USD"
"DJUSSD";"Dow Jones U.S. Soft Drinks Inde";"United States";"USD"
"DJUSSP";"Dow Jones U.S. Specialty Financ";"United States";"USD"
"DJUSSR";"Dow Jones U.S. Specialty REITs ";"United States";"USD"
"DJUSST";"Dow Jones U.S. Iron & Steel Ind";"United States";"USD"
"DJUSSV";"Dow Jones U.S. Software & Compu";"United States";"USD"
"DJUSSW";"Dow Jones U.S. Software Index";"United States";"USD"
"DJUSTB";"Dow Jones U.S. Tobacco Index";"United States";"USD"
"DJUSTC";"Dow Jones U.S. Technology Index";"United States";"USD"
"DJUSTK";"Dow Jones U.S. Trucking Index";"United States";"USD"
"DJUSTL";"Dow Jones U.S. Telecommunicatio";"United States";"USD"
"DJUSTQ";"Dow Jones U.S. Technology Hardw";"United States";"USD"
"DJUSTS";"Dow Jones U.S. Transportation S";"United States";"USD"
"DJUSTT";"Dow Jones U.S. Travel & Tourism";"United States";"USD"
"DJUSTY";"Dow Jones U.S. Toys Index";"United States";"USD"
"DJUSUO";"Dow Jones U.S. Gas Water & Mult";"United States";"USD"
"DJUSVN";"Dow Jones U.S. Distillers & Vin";"United States";"USD"
"DJUSWC";"Dow Jones U.S. Mobile Telecommu";"United States";"USD"
"DJUSWU";"Dow Jones U.S. Water Index";"United States";"USD"
"DS";"L.FTSE E./N.D.E.U.ETF D";"Mexico";"MXN"
"DT";"DT";"Mexico";"MXN"
"DXY";"US Dollar Index";"United States of America";"USD"
"E19";"0.50 EIDG T2 17-45 /Z";"Switzerland";"CHF"
"EBLRD";"EN BENEL LR D 4.5%";"Netherlands";"EUR"
"EBLRE";"EN BENELUX LR";"Netherlands";"EUR"
"EBLRG";"EN BENEL LR GR";"Netherlands";"EUR"
"EBLRN";"EN BENEL LR NR";"Netherlands";"EUR"
"EC1ED";"EN CE EW DEC 5% GR";"Netherlands";"EUR"
"EC1EG";"EN CORE E100 EW GR";"Netherlands";"EUR"
"EC1EW";"EN CORE E100 EW";"Netherlands";"EUR"
"ECO50";"EN CL OB 50 EW D5%";"Netherlands";"EUR"
"ECO5E";"EN CL OB 50EEW D5%";"Netherlands";"EUR"
"ECO5G";"EN Cl OB 50E EW GR";"Netherlands";"EUR"
"ECO5N";"EN Cl OB E50 EW NR";"Netherlands";"EUR"
"ECO5P";"EN Cl OBJ 50 E EW";"Netherlands";"EUR"
"ECOEG";"EN CL OB 50 EW GR";"Netherlands";"EUR"
"ECOEN";"EN CL OB 50 EW NR";"Netherlands";"EUR"
"ECOEW";"EN CL OBJ 50 EW";"Netherlands";"EUR"
"ECOP";"EURONEXT COP 50 EW";"Netherlands";"EUR"
"ECOPG";"EN COP 50 EW GR";"Netherlands";"EUR"
"ECOPN";"EN COP 50 EW NR";"Netherlands";"EUR"
"EEMHN";"ESI EXC EU H WM NR";"Netherlands";"EUR"
"EF80";"FTSEUROFIRST 80";"Netherlands";"EUR"
"EFC1";"FTSEUROFIRST 100";"Netherlands";"EUR"
"EFGED";"EN FGL 50 EW D 5%";"Netherlands";"EUR"
"EFGEG";"EN FGL 50 EW GR";"Netherlands";"EUR"
"EFGEN";"EN FGL 50 EW NR";"Netherlands";"EUR"
"EFGEW";"EN FRAGER L 50 EW";"Netherlands";"EUR"
"EFGG";"EN FR GR L 50 GR";"Netherlands";"EUR"
"EFGN";"EN FR GR L 50 NR";"Netherlands";"EUR"
"EFGP";"EN FRAGER LEAD 50";"Netherlands";"EUR"
"EFMED";"EN FM EU EW D5%";"Netherlands";"EUR"
"EFMEG";"EN FM EU EW GR";"Netherlands";"EUR"
"EFMEN";"EN FM EU EW NR";"Netherlands";"EUR"
"EFMEP";"EN FM EU EW";"Netherlands";"EUR"
"EGX100";"EGX 100 Price Return Index";"United States";"EGP"
"EN5L";"EN5L INDEX";"France";"EUR"
"ENCEG";"EN CLIMATE EUROP G";"Netherlands";"EUR"
"ENCEN";"EN CLIMATE EUROP N";"Netherlands";"EUR"
"ENCLE";"EN CLIMATE EUROPE";"Netherlands";"EUR"
"ENDEG";"EN GERMANY GR";"Netherlands";"EUR"
"ENDEI";"EN GERMANY";"Netherlands";"EUR"
"ENDEN";"EN GERMANY NR";"Netherlands";"EUR"
"ENESG";"EURONEXT SPAIN GR";"Netherlands";"EUR"
"ENESI";"EURONEXT SPAIN";"Netherlands";"EUR"
"ENESN";"EURONEXT SPAIN NR";"Netherlands";"EUR"
"ENFAG";"EN FAM BUSINESS GR";"Netherlands";"EUR"
"ENFAM";"EN FAMILY BUSINESS";"Netherlands";"EUR"
"ENFAN";"EN FAM BUSINESS NR";"Netherlands";"EUR"
"ENG3L";"ENGIE3L INDEX";"France";"EUR"
"ENG5L";"ENGIE5L INDEX";"France";"EUR"
"ENITG";"EURONEXT ITALY GR";"Netherlands";"EUR"
"ENITI";"EURONEXT ITALY";"Netherlands";"EUR"
"ENITN";"EURONEXT ITALY NR";"Netherlands";"EUR"
"ENVB";"EN VIGEO BNL 20";"Netherlands";"EUR"
"ENVBG";"EN VIGEO BNL 20 GR";"Netherlands";"EUR"
"ENVBN";"EN VIGEO BNL 20 NR";"Netherlands";"EUR"
"ENVEG";"EN VIGEO EU 120 GR";"Netherlands";"EUR"
"ENVEN";"EN VIGEO EU 120 NR";"Netherlands";"EUR"
"ENVEO";"EN VIGEO EUR 120";"Netherlands";"EUR"
"ENVEU";"EN VIGEO EU 120";"Netherlands";"EUR"
"ENVF";"EN VIGEO FR 20";"Netherlands";"EUR"
"ENVFG";"EN VIGEO FR 20 GR";"Netherlands";"EUR"
"ENVFN";"EN VIGEO FR 20 NR";"Netherlands";"EUR"
"ENVG";"EN VIGEO US 50 GR";"Netherlands";"USD"
"ENVN";"EN VIGEO US 50 NR";"Netherlands";"USD"
"ENVOG";"EN VIGEO EUR120 GR";"Netherlands";"EUR"
"ENVON";"EN VIGEO EUR120 NR";"Netherlands";"EUR"
"ENVU";"EN VIGEO US 50";"Netherlands";"USD"
"ENVUG";"EN VIGEO UK 20 GR";"Netherlands";"GBp"
"ENVUK";"EN VIGEO UK 20";"Netherlands";"GBp"
"ENVUN";"EN VIGEO UK 20 NR";"Netherlands";"GBp"
"ENVW";"EN VIGEO WORLD 120";"Netherlands";"USD"
"ENVWG";"EN VIGEO W 120 GR";"Netherlands";"USD"
"ENVWN";"EN VIGEO W 120 NR";"Netherlands";"USD"
"ERGBD";"EN RM GLB BAL DECR";"Netherlands";"EUR"
"ERGBN";"EN RM GLOB BAL NR";"Netherlands";"EUR"
"ERGBP";"EN RM GLOB BALANCE";"Netherlands";"EUR"
"ERGCD";"EN RM GLBCONV DECR";"Netherlands";"EUR"
"ERGCN";"EN RM GLOB CONV NR";"Netherlands";"EUR"
"ERGCP";"EN RM GLOB CONV";"Netherlands";"EUR"
"ERGSD";"EN RM G GL SUS DEC";"Netherlands";"EUR"
"ERGSN";"EN RM G GL SUST NR";"Netherlands";"EUR"
"ERGSP";"EN RM G GLOB SUST";"Netherlands";"EUR"
"ES1ED";"EN EU S 100EW D50P";"Netherlands";"EUR"
"ES1EG";"EN EU S 100EW GR";"Netherlands";"EUR"
"ES1EN";"EN EU S 100EW NR";"Netherlands";"EUR"
"ES1EP";"EN EU SUST 100 EW";"Netherlands";"EUR"
"ESE4G";"EN EZ ESG L 40 GR";"Netherlands";"EUR"
"ESE4N";"EN EZ ESG L 40 NR";"Netherlands";"EUR"
"ESE4P";"EN EZ ESG L 40";"Netherlands";"EUR"
"ESEMG";"ESI EXC EUR WM GR";"Netherlands";"EUR"
"ESEMN";"ESI EXC EUR WM NR";"Netherlands";"EUR"
"ESF5D";"SBFT 50 ESGEW D50P";"Netherlands";"EUR"
"ESF5G";"SBFT 50 ESG EW GR";"Netherlands";"EUR"
"ESF5N";"SBFT 50 ESG EW NR";"Netherlands";"EUR"
"ESF5P";"SBFT 50 ESG EW";"Netherlands";"EUR"
"ESG1D";"EN EZ 100 ESG D5%";"Netherlands";"EUR"
"ESG1G";"EN EZ 100 ESG GR";"Netherlands";"EUR"
"ESG1N";"EN EZ 100 ESG NR";"Netherlands";"EUR"
"ESG1P";"EN EZ 100 ESG";"Netherlands";"EUR"
"ESG50";"EN EURO 50 ESG EW";"Netherlands";"EUR"
"ESG5D";"EN E50 ESG EW D50P";"Netherlands";"EUR"
"ESG5G";"EN E50 ESG EW GR";"Netherlands";"EUR"
"ESG5N";"EN E50 ESG EW NR";"Netherlands";"EUR"
"ESGDE";"EN EZ100 ESG D3.5%";"Netherlands";"EUR"
"ESGE4";"EN EZ ESG L 40 D5%";"Netherlands";"EUR"
"ESGED";"EN EZ100 ESG D4.5%";"Netherlands";"EUR"
"ESGEL";"ESG LEADERS EZ D";"Netherlands";"EUR"
"ESIEG";"ESI EXC EUROPE GR";"Netherlands";"EUR"
"ESIEM";"ESI EXC EUROPE VM";"Netherlands";"EUR"
"ESIEN";"ESI EXC EUROPE NR";"Netherlands";"EUR"
"ESIEU";"ESI EXC EUROPE";"Netherlands";"EUR"
"ESIG";"ESI EXCEL GLOBAL";"Netherlands";"EUR"
"ESIGG";"ESI EXC GLOBAL GR";"Netherlands";"EUR"
"ESIGN";"ESI EXC GLOBAL NR";"Netherlands";"EUR"
"EU500";"EN EUROPE 500";"Netherlands";"EUR"
"EU5GR";"EN EUROPE 500 GR";"Netherlands";"EUR"
"EU5NR";"EN EUROPE 500 NR";"Netherlands";"EUR"
"EUI";"ISE Euro FX Index";"United States of America";"USD"
"EUS5D";"TRANSATLANTIC EW D";"Netherlands";"EUR"
"EUS5G";"TRANSATLANTIC EWGR";"Netherlands";"EUR"
"EUS5N";"TRANSATLANTIC EWNR";"Netherlands";"EUR"
"EUS5P";"TRANSATLANTIC EW";"Netherlands";"EUR"
"EZ150";"EN EURO 150 EW D5%";"Netherlands";"EUR"
"EZ15G";"EN EUROZ 150 EW GR";"Netherlands";"EUR"
"EZ15N";"EN EUROZ 150 EW NR";"Netherlands";"EUR"
"EZ15P";"EN EUROZONE 150 EW";"Netherlands";"EUR"
"EZ300";"EN EUROZONE 300";"Netherlands";"EUR"
"EZ3GR";"EN EUROZONE 300 GR";"Netherlands";"EUR"
"EZ3NR";"EN EUROZONE 300 NR";"Netherlands";"EUR"
"EZ40";"EN EUROZ 40 EW D5%";"Netherlands";"EUR"
"EZ40G";"EN EUROZ 40 EW GR";"Netherlands";"EUR"
"EZ40N";"EN EUROZ 40 EW NR";"Netherlands";"EUR"
"EZ40P";"EN EUROZONE 40 EW";"Netherlands";"EUR"
"EZ60";"EN EZ 60 EW D 50P";"Netherlands";"EUR"
"EZ60G";"EN EUROZ 60 EW GR";"Netherlands";"EUR"
"EZ60N";"EN EUROZ 60 EW NR";"Netherlands";"EUR"
"EZ60P";"EN EUROZONE 60 EW";"Netherlands";"EUR"
"EZ70";"EN EUROZ 70 EW D5%";"Netherlands";"EUR"
"EZ70G";"EN EUROZ 70 EW GR";"Netherlands";"EUR"
"EZ70N";"EN EUROZ 70 EW NR";"Netherlands";"EUR"
"EZ70P";"EN EUROZONE 70 EW";"Netherlands";"EUR"
"EZ80D";"EN EUROZ 80 EW D5%";"Netherlands";"EUR"
"EZ80G";"EN EUROZ 80 EW GR";"Netherlands";"EUR"
"EZ80N";"EN EUROZ 80 EW NR";"Netherlands";"EUR"
"EZ80P";"EN EUROZONE 80 EW";"Netherlands";"EUR"
"EZENG";"EN CDP ENV EZ EW G";"Netherlands";"EUR"
"EZENN";"EN CDP ENV EZ EW N";"Netherlands";"EUR"
"EZENP";"EN CDP ENV EZ EW";"Netherlands";"EUR"
"EZENV";"EN CDP E EZ EW D5%";"Netherlands";"EUR"
"EZML6";"EN EZ L&M60EW D50P";"Netherlands";"EUR"
"EZMLG";"EN EZ L&M 60 EW GR";"Netherlands";"EUR"
"EZMLN";"EN EZ L&M 60 EW NR";"Netherlands";"EUR"
"EZMLP";"EN EZ L&M 60 EW";"Netherlands";"EUR"
"EZN1G";"EN EUR N100 EW GR";"Netherlands";"EUR"
"EZN1N";"EN EUR N100 EW NR";"Netherlands";"EUR"
"EZN1P";"EN EUR N100 EW";"Netherlands";"EUR"
"EZNE1";"EN EUR N100 EW D5%";"Netherlands";"EUR"
"FCHI";"CAC 40";"United States of America";"EUR"
"FEZ60";"EN FREZ 60 EW D50P";"Netherlands";"EUR"
"FEZ6G";"EN FR EZ 60 EW GR";"Netherlands";"EUR"
"FEZ6N";"EN FR EZ 60 EW NR";"Netherlands";"EUR"
"FEZ6P";"EN FR EZ 60 EW";"Netherlands";"EUR"
"FGIND";"EN T30 FGINDEW D5%";"Netherlands";"EUR"
"FGING";"EN T30 FG INDEW GR";"Netherlands";"EUR"
"FGINN";"EN T30 FG INDEW NR";"Netherlands";"EUR"
"FGINP";"EN T30 FG IND EW";"Netherlands";"EUR"
"FM";"iShares MSCI Frontier 100 ETF";"Mexico";"MXN"
"FP5L";"FP5L INDEX";"France";"EUR"
"FREEG";"EN CDP E F EOGE GR";"Netherlands";"EUR"
"FREEN";"EN CDP E F EOGE NR";"Netherlands";"EUR"
"FREEP";"EN CDP ENV FR EOGE";"Netherlands";"EUR"
"FRENE";"EN CDP EF EOGE D5%";"Netherlands";"EUR"
"FRENG";"EN CDP E FR EW GR";"Netherlands";"EUR"
"FRENN";"EN CDP E FR EW NR";"Netherlands";"EUR"
"FRENP";"EN CDP ENV FR EW";"Netherlands";"EUR"
"FRENV";"EN CDP E FR EW D5%";"Netherlands";"EUR"
"F&T";"Footwear And Textiles Index";"Sri Lanka";"LKR"
"FTAS";"UK FTSE All Share";"United Kingdom";"GBP"
"FTEU1";"FTSE EURO TOP 100";"Netherlands";"EUR"
"FTLC";"FTSE 350";"United Kingdom";"GBP"
"FTMC";"FTSE 250";"United Kingdom";"GBP"
"FTSC";"FTSE SmallCap";"United Kingdom";"GBP"
"FTSE";"FTSE 100";"United States of America";"GBP"
"FTSEMIB";"FTSE MIB Index";"United States of America";"EUR"
"FTTAS";"FTSE techMARK All Share";"United Kingdom";"GBP"
"GB10C";"EN RM GLB BAL RC10";"Netherlands";"EUR"
"GB10D";"EN RM GL BAL RC10D";"Netherlands";"EUR"
"GB12C";"EN RM GLB BAL RC12";"Netherlands";"EUR"
"GB12D";"EN RM GL BAL RC12D";"Netherlands";"EUR"
"GD";"COMPOSITE INDEX";"Greece";"EUR"
"GDAXI";"DAX PERFORMANCE-INDEX";"Germany";"EUR"
"GLE3L";"GLE3L INDEX";"France";"EUR"
"GLE5I";"GLE5I Index";"France";"EUR"
"GNRI";"QE Index";"Qatar";"QAR"
"GSPC";"S&P 500";"United States";"USD"
"GSPE";"S&P 500 Energy ";"United States";"USD"
"GSPRTCM";"S&P/TSX Income Trust Index";"Canada";"CAD"
"GSPRTRE";"S&P/TSX Capped REIT Index";"Canada";"CAD"
"GSPTSE";"S&P/TSX Composite index";"Canada";"CAD"
"GSPTTCS";"S&P/TSE Capped Consumer Staples";"Canada";"CAD"
"GSPTTHC";"S&P/TSX Capped Health Care Inde";"Canada";"CAD"
"GSPTTIN";"S&P/TSX Capped Industrials Inde";"Canada";"CAD"
"GSPTTMT";"S&P/TSX Capped Materials Index";"Canada";"CAD"
"GSPTTRE";"S&P/TSX Capped Real Estate Inde";"Canada";"CAD"
"GSPTTTS";"S&P/TSX Capped Telecommunicatio";"Canada";"CAD"
"GSPTTUT";"S&P/TSX Capped Utilities Index";"Canada";"CAD"
"GX";"IBEX 35. INVERSO X10";"Spain";"EUR"
"H11110";"CSI RAFI HKG 50 INDEX";"China";"HKD"
"H11140";"CSI HKG DIVIDEND INDEX";"China";"HKD"
"H11144";"CSI HKG TRADABLE MAINLAND CONSU";"China";"HKD"
"H11152";"CSI HKG PRIVATE-OWNED MAINLAND ";"China";"HKD"
"HCX";"S&P 500 Health Care ";"United States";"USD"
"HSI";"HANG SENG INDEX";"Hong Kong";"HKD"
"HT";"Habita Index ";"Mexico";"MXN"
"I046S";"CAGRI/SG WT 16";"Netherlands";"EUR"
"I047S";"CAGRI/SG WT 16";"Netherlands";"EUR"
"I053S";"CAGRI/SG P-WT 16";"Netherlands";"EUR"
"I2BIN";"AMUNDI 2BINF INAV";"Netherlands";"EUR"
"I2GOL";"AMUNDI 2GOLD INAV";"Netherlands";"USD"
"I3L";"INDICE ITX APALANCADO X3";"Spain";"EUR"
"I3S";"INDICE ITX INVERSO X3";"Spain";"EUR"
"I5L";"INDICE ITX APALANCADO X5";"Spain";"EUR"
"I5S";"INDICE ITX INVERSO X5";"Spain";"EUR"
"IBEX";"IBEX 35.";"Spain";"EUR"
"ICEMP";"ISHARES CEMP INAV";"Netherlands";"GBP"
"IDLVO";"INAV LYX DLV TR EUR";"Netherlands";"EUR"
"IDSVX";"INAV LYX DSV TR USD";"Netherlands";"USD"
"IGSPX";"ISHARES GSPX INAV";"France";"GBP"
"IGSPX";"ISHARES GSPX INAV";"Netherlands";"GBP"
"IH";"IND HABITA";"Mexico";"MXN"
"IIBEL";"ISHARES IBEL INAV";"Netherlands";"EUR"
"IIESE";"ISHARES IESE INAV";"Netherlands";"EUR"
"IIFRB";"ISHARES IFRB INAV";"Netherlands";"EUR"
"IIGSG";"ISHARES IGSG INAV";"Netherlands";"EUR"
"IIJPE";"ISHARES IJPE INAV";"Netherlands";"EUR"
"IINLD";"ISHARES INLD INAV";"Netherlands";"EUR"
"IIUES";"ISHARES IUES INAV";"Netherlands";"EUR"
"IIWDE";"ISHARES IWDE INAV";"Netherlands";"EUR"
"INAPD";"ISHARES IAD INAV";"Netherlands";"EUR"
"INAUC";"ETFS AUCO INAV";"Netherlands";"EUR"
"INBGL";"ISHARES BGL INAV";"Netherlands";"EUR"
"INBGM";"ISHARES BGM INAV";"Netherlands";"EUR"
"INBGS";"ISHARES IBU INAV";"Netherlands";"EUR"
"INBGX";"ISHARES BGX INAV";"Netherlands";"EUR"
"INBRI";"ISHARES BRC INAV";"Netherlands";"EUR"
"INBTM";"ISHARES BTMA INAV";"Netherlands";"EUR"
"INBTS";"ISHARES ITU INAV";"Netherlands";"EUR"
"INDCT";"IBEX MEDIUM CAP. CON DIVIDENDOS";"Spain";"EUR"
"INDF";"IBEX 35. DOBLE APALANCADO";"Spain";"EUR"
"INDG";"IBEX 35. INVERSO X5";"Spain";"EUR"
"INDIA";"DIAMONDS DIA INAV";"Netherlands";"EUR"
"INDIB";"IBEX 35. BANCOS";"Spain";"EUR"
"INDIBMAB";"IBEX MAB ALL SHARE";"Spain";"EUR"
"INDIC";"IBEX 35. CONSTRUCCION";"Spain";"EUR"
"INDIE";"IBEX 35. ENERGIA";"Spain";"EUR"
"INDJ";"IBEX 35. CON DIVIDENDOS";"Spain";"EUR"
"INDJM";"ISHARES IDM INAV";"Netherlands";"EUR"
"INDJS";"ISHARES IDS INAV";"Netherlands";"EUR"
"INDL";"FTSE LATIBEX BRASIL";"Spain";"EUR"
"INDM";"IBEX 35. APALANCADO X3";"Spain";"EUR"
"INDMAB15";"IBEX MAB 15";"Spain";"EUR"
"INDN";"FTSE 4GOOD IBEX";"Spain";"EUR"
"INDNN";"FTSE 4GOOD IBEX NET RETURN";"Spain";"EUR"
"INDNT";"FTSE 4GOOD IBEX TOTAL RETURN";"Spain";"EUR"
"INDP";"IBEX 35. DOBLE APALANCADO BRUTO";"Spain";"EUR"
"INDQ";"IBEX 35. DOBLE APALANCADO NETO";"Spain";"EUR"
"INDR";"IBEX 35. APALANCADO NETO X3";"Spain";"EUR"
"INDS";"IBEX SMALL CAP.";"Spain";"EUR"
"INDS5S";"INDICE SAN INVERSO X5";"Spain";"EUR"
"INDSN";"IBEX SMALL CAP. CON DIVIDENDOS ";"Spain";"EUR"
"INDST";"IBEX SMALL CAP. CON DIVIDENDOS";"Spain";"EUR"
"INDT";"FTSE LATIBEX TOP";"Spain";"EUR"
"INDT5S";"INDICE TEF INVERSO X5";"Spain";"EUR"
"INDTM";"VANECK DTM INAV";"Netherlands";"EUR"
"INDU";"IBEX35. APALANCADO NETO X5";"Spain";"EUR"
"INDV";"IBEX 35. DOBLE INVERSO";"Spain";"EUR"
"INDVA";"IBEX 35. VOLAT.OBJETIVO 10 ESTA";"Spain";"EUR"
"INDVC";"IBEX 35. VOLAT.OBJETIVO 15 ESTA";"Spain";"EUR"
"INDVD";"IBEX 35. VOLAT.OBJETIVO 18 ESTA";"Spain";"EUR"
"INDVG";"IBEX 35. VOLAT.OBJETIVO 15 FINA";"Spain";"EUR"
"INDVH";"IBEX 35. VOLAT.OBJETIVO 18 FINA";"Spain";"EUR"
"INDW";"IBEX 35. INVERSO X3";"Spain";"EUR"
"INDX";"IBEX 35. CAPPED";"Spain";"EUR"
"INDY";"IBEX 35. CON DIVIDENDOS NETOS";"Spain";"EUR"
"INDZ";"IBEX 35. CAPPED NET RETURN";"Spain";"EUR"
"INEGY";"ISHARES IEGY INAV";"Netherlands";"EUR"
"INEGZ";"ISHARES IEGZ INAV";"Netherlands";"EUR"
"INEUE";"ISHARES EUE INAV";"Netherlands";"EUR"
"INEUN";"ISHARES EUN INAV";"Netherlands";"EUR"
"INEUX";"ISHARES IEX INAV";"Netherlands";"EUR"
"INFXC";"ISHARES FXC INAV";"Netherlands";"EUR"
"INGAS";"ETFS NGASP INAV";"Netherlands";"EUR"
"INIAC";"ISHARES IEAC INAV";"Netherlands";"EUR"
"INIAG";"ISHARES IEAG INAV";"Netherlands";"EUR"
"INIAS";"ISHARES IAP INAV";"Netherlands";"EUR"
"INIAX";"ISHARES IAEX INAV";"Netherlands";"EUR"
"INIBC";"ISHARES IBX INAV";"Netherlands";"EUR"
"INIBI";"ISHARES IBI INAV";"Netherlands";"EUR"
"INIBZ";"ISHARES IBZ INAV";"Netherlands";"EUR"
"INICO";"ISHARES ICOV INAV";"Netherlands";"EUR"
"INIDA";"ISHARES IWDA INAV";"Netherlands";"EUR"
"INIDY";"ISHARES IDY INAV";"Netherlands";"EUR"
"INIEA";"ISHARES IEMA INAV";"Netherlands";"EUR"
"INIEE";"ISHARES IEE INAV";"Netherlands";"EUR"
"INIEM";"ISHARES IEM INAV";"Netherlands";"EUR"
"INIET";"ISHARES IET INAV";"Netherlands";"EUR"
"INIFE";"ISHARES IFE INAV";"Netherlands";"EUR"
"INIGE";"ISHARES IEGE INAV";"Netherlands";"EUR"
"INIJA";"ISHARES IJPA INAV";"Netherlands";"EUR"
"INIJP";"ISHARES IJP INAV";"Netherlands";"EUR"
"INIKR";"ISHARES IKR INAV";"Netherlands";"EUR"
"INIMA";"ISHARES IMAE INAV";"Netherlands";"EUR"
"INIME";"ISHARES EUM INAV";"Netherlands";"EUR"
"ININF";"ISHARES NFR INAV";"Netherlands";"EUR"
"INIPP";"ISHARES IPP INAV";"Netherlands";"EUR"
"INISF";"ISHARES ISFA INAV";"Netherlands";"EUR"
"INISG";"ISHARES ISG INAV";"Netherlands";"EUR"
"INISV";"ISHARES ISV INAV";"Netherlands";"EUR"
"INITK";"ISHARES ITK INAV";"Netherlands";"EUR"
"INITW";"ISHARES ITW INAV";"Netherlands";"EUR"
"INIUS";"ISHARES ISP INAV";"Netherlands";"EUR"
"INIWD";"ISHARES IWD INAV";"Netherlands";"EUR"
"INLQD";"ISHARES LQDA INAV";"Netherlands";"EUR"
"INLTA";"ISHARES LAM INAV";"Netherlands";"EUR"
"INLTM";"LYXOR LTM INAV";"France";"EUR"
"INLVO";"LYXOR LVO INAV";"Netherlands";"EUR"
"INLVX";"LYXOR LVX INAV";"Netherlands";"USD"
"INNAA";"ISHARES NAA INAV";"Netherlands";"EUR"
"INNTM";"VANECK NTM INAV";"Netherlands";"EUR"
"INPRV";"ISHARES PRV INAV";"Netherlands";"EUR"
"INRTW";"ETFS RTWO INAV";"Netherlands";"EUR"
"INTDT";"VANECK TDT INAV";"Netherlands";"EUR"
"INTMX";"VANECK TMX INAV";"Netherlands";"EUR"
"INTOF";"VANECK TOF INAV";"Netherlands";"EUR"
"INTPS";"ISHARES TIPS INAV";"Netherlands";"EUR"
"INUSP";"ISHARES IUS INAV";"Netherlands";"EUR"
"INWDP";"ISHARES IGP INAV";"Netherlands";"EUR"
"IPCCOMPMX";"IPC Comp 60 Mexico";"Mexico";"MXN"
"IPCLARGECAP";"IPC Large Cap";"Mexico";"MXN"
"IPCMIDCAP";"IPC MidCap";"Mexico";"MXN"
"IPCSMALLCAP";"IPC Small Cap";"Mexico";"MXN"
"IPHPT";"WT PHPT INAV";"France";"EUR"
"IPMSW";"COMSTAGE PMSW INAV";"France";"EUR"
"IRT";"RENDIMIENTO TOTAL MEXICO";"Mexico";"MXN"
"IRTCOMPMX";"IRT Comp Mx";"Mexico";"MXN"
"IRTLARGECAP";"IRT LargeCap";"Mexico";"MXN"
"IRTMIDCAP";"IRT MidCap";"Mexico";"MXN"
"IRTSMALLCAP";"IRT SmallCap";"Mexico";"MXN"
"ISEOG";"ISEQ ENERGY";"Netherlands";"EUR"
"ISOGG";"ISEQ ENERGY GR";"Netherlands";"EUR"
"ITAT";"VANECK TAT INAV";"Netherlands";"EUR"
"ITCBT";"VANECK TCBT INAV";"Netherlands";"EUR"
"ITGBT";"VANECK TGBT INAV";"Netherlands";"EUR"
"ITGET";"VANECK TGET INAV";"Netherlands";"EUR"
"ITLMS";"FTSE Italia All-Share Index";"Italy";"EUR"
"ITRET";"VANECK TRET INAV";"Netherlands";"EUR"
"ITX7L";"ITALIA X 7";"Netherlands";"EUR"
"ITX7S";"ITALIA X -7";"Netherlands";"EUR"
"IUX";"S&P 500 Insurance ";"United States";"USD"
"IXIC";"NASDAQ Composite";"United States";"USD"
"K716S";"DAX/SG WT 16";"Netherlands";"EUR"
"KBC5L";"KBC5L INDEX";"Belgium";"EUR"
"KOSDAQ";"Kosdaq Composite Index";"South Korea";"KRW"
"KOSPI";"KOSPI Composite Index";"South Korea";"KRW"
"KOSPI100EW";"KOSPI-100 Equally Weighted Inde";"Pakistan";"KRW"
"KOSPI200EW";"KOSPI-200 Equally Weighted Inde";"Pakistan";"KRW"
"KQ100";"Kosdaq 100 Index";"South Korea";"KRW"
"KQ11";"Kosdaq Composite Index";"South Korea";"KRW"
"KQ12";"Kosdaq Manufacturing Index";"South Korea";"KRW"
"KQ14";"Kosdaq Construction Index";"South Korea";"KRW"
"KQ15";"Kosdaq Financials Index";"South Korea";"KRW"
"KQ15I";"Indicative Kosdaq IT  Index";"South Korea";"KRW"
"KQ16";"Kosdaq Other Services Index";"South Korea";"KRW"
"KQ181";"KOSDAQ Prime Index";"South Korea";"KRW"
"KQ181I";"KOSDAQ Prime Indicative Index";"South Korea";"KRW"
"KQ182";"KOSDAQ Venture Index";"South Korea";"KRW"
"KQ182I";"KOSDAQ Venture Indicative Index";"South Korea";"KRW"
"KQ183";"KOSDAQ Standard Index";"South Korea";"KRW"
"KQ183I";"KOSDAQ Standard Indicative Inde";"South Korea";"KRW"
"KQ184";"KOSDAQ Growth Index";"South Korea";"KRW"
"KQ184I";"KOSDAQ Growth Indicative Index";"South Korea";"KRW"
"KQ19";"Kosdaq Distribution Index";"South Korea";"KRW"
"KQ20";"Kosdaq Transportation Index";"South Korea";"KRW"
"KQ21";"Kosdaq Food Berverage & Tobacco";"South Korea";"KRW"
"KQ22";"Kosdaq Textile & Apparel Index";"South Korea";"KRW"
"KQ23";"Kosdaq Paper & Wood Products In";"South Korea";"KRW"
"KQ24";"Kosdaq Publishing & Printing In";"South Korea";"KRW"
"KQ25";"Kosdaq Chemicals Index";"South Korea";"KRW"
"KQ26";"Kosdaq Pharmaceuticals Index";"South Korea";"KRW"
"KQ27";"Kosdaq Non-Metal Products Index";"South Korea";"KRW"
"KQ28";"Kosdaq Metal Products Index";"South Korea";"KRW"
"KQ29";"Kosdaq Machinery Index";"South Korea";"KRW"
"KQ30";"Kosdaq Electric & Electronic In";"South Korea";"KRW"
"KQ300";"Kosdaq MID300 Index";"South Korea";"KRW"
"KQ31";"Kosdaq Medical & Precision Mach";"South Korea";"KRW"
"KQ32";"Kosdaq Vehicles & Components In";"South Korea";"KRW"
"KQ33";"Kosdaq Other Manufacturing Inde";"South Korea";"KRW"
"KQ36";"Kosdaq Telecom & Broadcasting I";"South Korea";"KRW"
"KQ37";"Kosdaq Telecommunications Index";"South Korea";"KRW"
"KQ38";"Kosdaq Broadcasting Index";"South Korea";"KRW"
"KQ39";"Kosdaq IT Software & Services I";"South Korea";"KRW"
"KQ40";"Kosdaq Internet Index";"South Korea";"KRW"
"KQ41";"Kosdaq Digital Contents Index";"South Korea";"KRW"
"KQ42";"Kosdaq Software Index";"South Korea";"KRW"
"KQ43";"Kosdaq Computer Services Index";"South Korea";"KRW"
"KQ44";"Kosdaq IT Hardware Index";"South Korea";"KRW"
"KQ45";"Kosdaq Telecom & Broadcasting E";"South Korea";"KRW"
"KQ46";"Kosdaq Computer Hardware Index";"South Korea";"KRW"
"KQ47";"Kosdaq Semiconductors Index";"South Korea";"KRW"
"KQ48";"Kosdaq IT Components Index";"South Korea";"KRW"
"KQ51";"kosdaq Entertainment & Culture ";"South Korea";"KRW"
"KQI";"Indicative Kosdaq Composite Ind";"South Korea";"KRW"
"KQSM";"Kosdaq Small Index";"South Korea";"KRW"
"KRX100EW";"KRX-100 Equally Weighted Index";"Pakistan";"KRW"
"L214S";"EUJPY/SG WT 17";"Netherlands";"EUR"
"L215S";"EUJPY/SG WT 17";"Netherlands";"EUR"
"L298S";"EURUSD/SG P-WT 17";"Netherlands";"EUR"
"LC100";"LC 100 EUROPE";"Netherlands";"EUR"
"LC1GR";"LC 100 EUROPE GR";"Netherlands";"EUR"
"LC1NR";"LC 100 EUROPE NR";"Netherlands";"EUR"
"L&P";"Land And Property Index";"Sri Lanka";"LKR"
"LPTNT";"PACKAGETNT";"Netherlands";"EUR"
"LX";"FTSE LATIBEX ALL SHARE";"Spain";"EUR"
"MDE1G";"M DM EUROPE 100 GR";"Netherlands";"EUR"
"MDE1N";"M DM EUROPE 100 NR";"Netherlands";"EUR"
"MDE1P";"M DM EUROPE 100 PR";"Netherlands";"EUR"
"ME50G";"MSG EUROZONE 50 GR";"Netherlands";"EUR"
"ME50N";"MSG EUROZONE 50 NR";"Netherlands";"EUR"
"ME50P";"MSG EUROZONE 50 PR";"Netherlands";"EUR"
"MOEXREPO";"MOEX REPO 12:30";"Russia";"RUB"
"MOEXREPO1W";"MOEX REPO 1W";"Russia";"RUB"
"MOEXREPOUSD";"MOEX REPO USD";"Russia";"USD"
"MREUG";"AMX GR";"Netherlands";"EUR"
"MREUN";"AMX NR";"Netherlands";"EUR"
"MREUT";"AMX-INDEX";"Netherlands";"EUR"
"MT5L";"MT5L INDEX";"France";"EUR"
"MXX";"IPC MEXICO";"Mexico";"MXN"
"N225";"Nikkei 225";"Japan";"JPY"
"NDX";"NASDAQ 100";"United States";"USD"
"NEIBI";"IBERIAN INDEX";"Portugal";"EUR"
"NEIBN";"IBERIAN IDX NR";"Portugal";"EUR"
"NEIBT";"IBERIAN IDX GR";"Portugal";"EUR"
"NILE";"NILE";"United States";"EGP"
"NLBM";"AEX BASIC MATER.";"Netherlands";"EUR"
"NLBMG";"AEX BASIC MATER GR";"Netherlands";"EUR"
"NLCG";"AEX CONS DISCR";"Netherlands";"EUR"
"NLCGG";"AEX CONS DISCR GR";"Netherlands";"EUR"
"NLCM";"AEX CONSTR.& MATER.";"Netherlands";"EUR"
"NLCNG";"AEX CNSTR & MAT GR";"Netherlands";"EUR"
"NLCS";"AEX CONS STAPLES";"Netherlands";"EUR"
"NLCSG";"AEX CONS STAPL GR";"Netherlands";"EUR"
"NLEI";"AEX EQ INV INSTR";"Netherlands";"EUR"
"NLFIN";"AEX FINANCIALS";"Netherlands";"EUR"
"NLFNG";"AEX FINANCIALS GR";"Netherlands";"EUR"
"NLGF";"AEX GENERAL FINANC.";"Netherlands";"EUR"
"NLGFG";"AEX FINAN SERV GR";"Netherlands";"EUR"
"NLHC";"AEX HEALTH CARE";"Netherlands";"EUR"
"NLHCG";"AEX HLTH CARE GR";"Netherlands";"EUR"
"NLIN";"AEX INDUSTRIALS";"Netherlands";"EUR"
"NLING";"AEX INDUSTRIALS GR";"Netherlands";"EUR"
"NLOG";"AEX ENERGY";"Netherlands";"EUR"
"NLOGG";"AEX ENERGY GR";"Netherlands";"EUR"
"NLRE";"AEX REAL ESTATE";"Netherlands";"EUR"
"NLREG";"AEX REAL ESTATE GR";"Netherlands";"EUR"
"NLSSG";"AEX SUP SERV GR";"Netherlands";"EUR"
"NLTCG";"AEX TECHNOLOGY GR";"Netherlands";"EUR"
"NLTEC";"AEX TECHNOLOGY";"Netherlands";"EUR"
"NLTEL";"AEX TELECOM.";"Netherlands";"EUR"
"NLTHF";"AEX TECH HARDW & EQ";"Netherlands";"EUR"
"NLTLG";"AEX TELECOM GR";"Netherlands";"EUR"
"NOMUC";"Parallel Market Capped Index ";"Saudi Arabia";"SAR"
"NQCNCNY";"NASDAQ China CNY Index";"United States of America";"CNY"
"NQJPJPY";"NASDAQ Japan JPY Index";"United States of America";"JPY"
"NQNONOKT";"NASDAQ Norway NOK TR Index";"United States of America";"NOK"
"NQNZNZD";"NASDAQ New Zealand NZD Index";"United States of America";"NZD"
"NSEBANK";"NIFTY BANK";"United States of America";"INR"
"NSEI";"NIFTY 50";"United States of America";"INR"
"NSMIDCP";"NIFTY NEXT 50";"India";"INR"
"NZ50";"S&P/NZX 50 INDEX GROSS";"New Zealand";"NZD"
"OAAX";"Oslo Axess All-share Index_GI";"Norway";"NOK"
"OAX1010GI";"OAX1010 Energy_GI";"Norway";"NOK"
"OAX10GI";"OAX10 Energy_GI";"Norway";"NOK"
"OAX1510GI";"OAX1510 Materials_GI";"Norway";"NOK"
"OAX15GI";"OAX15 Materials_GI";"Norway";"NOK"
"OAX2010GI";"OAX2010 Capital Goods_GI";"Norway";"NOK"
"OAX2030GI";"OAX2030 Transportation_GI";"Norway";"NOK"
"OAX20GI";"OAX20 Industrials_GI";"Norway";"NOK"
"OAX3030GI";"OAX3030 Household & Personal Pr";"Norway";"NOK"
"OAX30GI";"OAX30 Consumer Staples_GI";"Norway";"NOK"
"OAX35GI";"OAX35 Health Care_GI";"Norway";"NOK"
"OAX5510GI";"OAX5510 Utilities_GI";"Norway";"NOK"
"OAX55GI";"OAX55 Utilities_GI";"Norway";"NOK"
"OBOSX";"Oslo Bors OBX Oil Service Index";"Norway";"NOK"
"OBSFX";"Oslo Bors Seafood Index";"Norway";"NOK"
"OBX";"OBX Total Return Index";"Norway";"NOK"
"OBXASK";"OBX ASK Index";"Norway";"NOK"
"OBXBID";"OBX BID Index";"Norway";"NOK"
"OBXP";"OBX Price Index";"Norway";"NOK"
"OBXW";"OBX Volume-weighted Index";"Norway";"NOK"
"OMXC25";"OMX Copenhagen 25 Index";"Denmark";"DKK"
"OSE101010GI";"OSE101010 Energy Equipment & Se";"Norway";"NOK"
"OSE1010GI";"OSE1010 Energy_GI";"Norway";"NOK"
"OSE10GI";"OSE10 Energy_GI";"Norway";"NOK"
"OSE1510GI";"OSE1510 Materials_GI";"Norway";"NOK"
"OSE15GI";"OSE15 Materials_GI";"Norway";"NOK"
"OSE2010GI";"OSE2010 Capital Goods_GI";"Norway";"NOK"
"OSE2020GI";"OSE2020 Commercial & Prof Servi";"Norway";"NOK"
"OSE203030GI";"OSE203030 Marine_GI";"Norway";"NOK"
"OSE2030GI";"OSE2030 Transportation_GI";"Norway";"NOK"
"OSE20GI";"OSE20 Industrials_GI";"Norway";"NOK"
"OSE2510GI";"OSE2510 Automobiles & Component";"Norway";"NOK"
"OSE2530GI";"OSE2530 Consumer Services_GI";"Norway";"NOK"
"OSE2550GI";"OSE2550 Retailing_GI";"Norway";"NOK"
"OSE25GI";"OSE25 Consumer Discretionary_GI";"Norway";"NOK"
"OSE3020GI";"OSE3020 Food, Beverage & Tobacc";"Norway";"NOK"
"OSE30GI";"OSE30 Consumer Staples_GI";"Norway";"NOK"
"OSE3510GI";"OSE3510 Health Care Equipm & Se";"Norway";"NOK"
"OSE3520GI";"OSE3520 Pharmaceuticals & Biote";"Norway";"NOK"
"OSE35GI";"OSE35 Health Care_GI";"Norway";"NOK"
"OSE4010GI";"OSE4010 Banks_GI";"Norway";"NOK"
"OSE4020GI";"OSE4020 Diversified Financials_";"Norway";"NOK"
"OSE4030GI";"OSE4030 Insurance_GI";"Norway";"NOK"
"OSE40GI";"OSE40 Financials_GI";"Norway";"NOK"
"OSE4510GI";"OSE4510 Software & Services_GI";"Norway";"NOK"
"OSE4520GI";"OSE4520 Technology Hardware & E";"Norway";"NOK"
"OSE4530GI";"OSE4530 Semiconductors & Semic ";"Norway";"NOK"
"OSE45GI";"OSE45 Information Technology_GI";"Norway";"NOK"
"OSE5510GI";"OSE5510 Utilities_GI";"Norway";"NOK"
"OSE55GI";"OSE55 Utilities_GI";"Norway";"NOK"
"OSEAX";"Oslo Bors All-Share Index_GI";"Norway";"NOK"
"OSEBX";"Oslo Bors Benchmark Index_GI";"Norway";"NOK"
"OSEEX";"Oslo Bors Equity Certificate In";"Norway";"NOK"
"OSEFX";"Oslo Bors Mutual Fund Index_GI";"Norway";"NOK"
"OSEMX";"Oslo Bors Mid Cap Index_GI";"Norway";"NOK"
"OSESX";"Oslo Bors Small Cap Index_GI";"Norway";"NOK"
"OSLENX";"OSLO Energy Index";"Norway";"NOK"
"OSLSFX";"OSLO Seafood Index";"Norway";"NOK"
"OSLSHX";"OSLO Shipping Index";"Norway";"NOK"
"PB558";"Pfandbriefbank schweizerischer Hypothekarinstitute AG";"Switzerland";"CHF"
"PB627";"Lyxor Index-L.Co.St.EO 600";"Switzerland";"CHF"
"PENXG";"PRIVATE EQ NXT GR";"Netherlands";"EUR"
"PREUG";"PSI 20 GR";"Portugal";"EUR"
"PREUN";"PSI 20 NR";"Portugal";"EUR"
"PREUT";"PSI 20";"Portugal";"EUR"
"PS3LN";"PSI 20 X3 LEV NR";"Portugal";"EUR"
"PSI20";"PSI 20";"Portugal";"EUR"
"PSI2S";"PSI 20 X2 SHORT GR";"Portugal";"EUR"
"PSI3L";"PSI 20 X3 LEV";"Portugal";"EUR"
"PSI3S";"PSI 20 X3 SHORT GR";"Portugal";"EUR"
"PSIHD";"PSI HIGH DIV NR";"Portugal";"EUR"
"PSILV";"PSI 20 LEVERAGE";"Portugal";"EUR"
"PSINR";"PSI 20 NR";"Portugal";"EUR"
"PSISH";"PSI 20 SHORT GR";"Portugal";"EUR"
"PSITL";"PSI TR LEVERAGE";"Portugal";"EUR"
"PSITR";"PSI 20 GR";"Portugal";"EUR"
"PSIXB";"PSI 20 XBEAR GR";"Portugal";"EUR"
"PTBM";"PSI BASIC MATER GR";"Portugal";"EUR"
"PTBMP";"PSI BASIC MATERIAL";"Portugal";"EUR"
"PTCG";"PSI CONS DISCR GR";"Portugal";"EUR"
"PTCGP";"PSI CONS DISCR";"Portugal";"EUR"
"PTCMP";"PSI CONST & MAT";"Portugal";"EUR"
"PTCS";"PSI CONS STAPL GR";"Portugal";"EUR"
"PTCSP";"PSI CONS STAPLES";"Portugal";"EUR"
"PTEB";"PSI 20 EX BANKS";"Portugal";"EUR"
"PTEBG";"PSI 20 EX BANKS GR";"Portugal";"EUR"
"PTEBN";"PSI 20 EX BANKS NR";"Portugal";"EUR"
"PTFIN";"PSI FINANCIALS GR";"Portugal";"EUR"
"PTFIP";"PSI FINANCIALS";"Portugal";"EUR"
"PTHC";"PSI HEALTH CARE GR";"Portugal";"EUR"
"PTHCP";"PSI HEALTH CARE";"Portugal";"EUR"
"PTIN";"PSI INDUSTRIALS GR";"Portugal";"EUR"
"PTINP";"PSI INDUSTRIALS";"Portugal";"EUR"
"PTOG";"PSI ENERGY GR";"Portugal";"EUR"
"PTOGP";"PSI ENERGY";"Portugal";"EUR"
"PTTEC";"PSI TECHNOLOGY GR";"Portugal";"EUR"
"PTTEL";"PSI TELECOM GR";"Portugal";"EUR"
"PTTEP";"PSI TECHNOLOGY";"Portugal";"EUR"
"PTTLP";"PSI TELECOM";"Portugal";"EUR"
"PTUT";"PSI UTILITIES GR";"Portugal";"EUR"
"PTUTP";"PSI UTILITIES";"Portugal";"EUR"
"PZ450";"RCB OE TL.Z./Norilsk Nickel";"Switzerland";"CHF"
"QBNK";"QE Banks and Financial Services";"Qatar";"QAR"
"QEAS";"QE All Share Index";"Qatar";"QAR"
"QERI";"QE Al Rayan Islamic Index";"Qatar";"QAR"
"QERP";"QE Al Rayan Islamic Index ";"Qatar";"QAR"
"QETR";"QE Total Return Index";"Qatar";"QAR"
"QIND";"QE Industrials Index";"Qatar";"QAR"
"QINS";"QE Insurance Index";"Qatar";"QAR"
"QREA";"QE Real Estate Index";"Qatar";"QAR"
"QTRN";"QE Transportation Index";"Qatar";"QAR"
"REITE";"REIT EUROPE";"Netherlands";"EUR"
"REITG";"REIT EUROPE GR";"Netherlands";"EUR"
"REITN";"REIT EUROPE NR";"Netherlands";"EUR"
"RGBI";"Russian Government Bond Index C";"Russia";"RUB"
"RGBITR";"Moscow Exchange Government Bond";"Russia";"RUB"
"RICIA";"J ROGERS AGRICULT";"Netherlands";"USD"
"RICIE";"JROGERS ENERGY COM";"Netherlands";"USD"
"RICIX";"RICIX";"Netherlands";"USD"
"RNO3L";"RNO3L INDEX";"France";"EUR"
"RNO5L";"RNO5L INDEX";"France";"EUR"
"RT";"RTS Telecom Index";"Russia";"USD"
"RTS";"RTS Index";"Russia";"USD"
"RTSC";"RTS Consumer and Retail Index";"Russia";"USD"
"RTSCR";"RTS Consumer and Retail Index";"Russia";"USD"
"RTSEU";"RTS Electric Utilities Index";"Russia";"USD"
"RTSFN";"RTS Financials Index";"Russia";"USD"
"RTSI";"RTS Index";"Russia";"USD"
"RTSOG";"RTS Oil and Gas Index";"Russia";"USD"
"RTSTL";"RTS Telecom Index";"Russia";"USD"
"RTSTN";"RTS Transport Index";"Russia";"USD"
"RUA";"Russell 3000";"United States of America";"USD"
"RUBMI";"RTS Broad market Index";"Russia";"USD"
"RUT";"Russell 2000";"United States of America";"USD"
"S3L";"INDICE SAN APALANCADO X3";"Spain";"EUR"
"S3S";"INDICE SAN INVERSO X3";"Spain";"EUR"
"S5L";"INDICE SAN APALANCADO X5";"Spain";"EUR"
"SBF120";"SBF 120";"United States of America";"EUR"
"SE2000";"Materials";"Mexico";"MXN"
"SE3000";"Industrials";"Mexico";"MXN"
"SE4000";"Consumer Discretionary & Servic";"Mexico";"MXN"
"SE5000";"Consumer Staples";"Mexico";"MXN"
"SE6000";"HealthCare";"Mexico";"MXN"
"SE7000";"Financial Services";"Mexico";"MXN"
"SE9000";"Telecommunication Services";"Mexico";"MXN"
"SET";"SET Index";"Thailand";"THB"
"SET100";"SET100 Index";"Thailand";"THB"
"SET50";"SET50 Index";"Thailand";"THB"
"SFC";"FX SWISS FRANC INDEX";"United States of America";"USD"
"SG50D";"EN E50 SG EW D50P";"Netherlands";"EUR"
"SG50G";"EN E50 SG EW GR";"Netherlands";"EUR"
"SG50N";"EN E50 SG EW NR";"Netherlands";"EUR"
"SG50P";"EN EURO 50 SG EW";"Netherlands";"EUR"
"SGO5L";"SGO5L INDEX";"France";"EUR"
"SHSZ300";"CSI 300 INDEX";"China";"CNY"
"SKA";"ISE FX Swedish Krona ";"United States of America";"USD"
"SML";"S&P 600";"United States";"USD"
"SOX";"PHLX Semiconductor";"United States of America";"USD"
"SP100";"S&P 100";"United States";"USD"
"SP1500";"S&P Composite 1500";"United States";"USD"
"SP400";"S&P 400";"United States";"USD"
"SP600";"S&P 600";"United States";"USD"
"SPC";"S&P 500";"United States";"USD"
"SPCBMIRWDUSD1";"S&P Developed BMI ";"United States";"USD"
"SPCDNX";"S&P/TSX Venture Composite Index";"Canada";"CAD"
"SPTEST1";"S&P GLOBAL 1200 Materials ";"United States";"USD"
"SPTMI";"S&P TMI";"United States";"USD"
"SPTSECP";"S&P/TSX 60 Capped Index";"Canada";"CAD"
"SPTSECP3";"S&P/TSX Capped Composite Index";"Canada";"CAD"
"SPTSES";"S&P/TSX SmallCap Index";"Canada";"CAD"
"SPTTEN";"S&P/TSX Capped Energy Index";"Canada";"CAD"
"SPTTFS";"S&P/TSX Capped Financial Index";"Canada";"CAD"
"SPTTGD";"S&P/TSX Global Gold Index";"Canada";"CAD"
"SPX";"S&P 500";"United States";"USD"
"SSE180";"SSE 180 Index";"China";"CNY"
"SSE50";"SSE 50 Index";"China";"CNY"
"SSEBI";"SSE Government Bond Index";"China";"CNY"
"SSEC";"SSE Composite Index";"China";"CNY"
"SSECBI";"SSE Corporate Bond Index";"China";"CNY"
"SSEDI";"SSE Dividend Index";"China";"CNY"
"SSEI";"SSE Industrial Index";"China";"CNY"
"SSEM";"SSE Commercial Index";"China";"CNY"
"SSEN";"SSE Conglomerates Index";"China";"CNY"
"SSEP";"SSE Real Estate Index";"China";"CNY"
"SSEU";"SSE Utilities Index";"China";"CNY"
"SSFD";"SSE Fund Index";"China";"CNY"
"SSMI";"SMI PR";"Switzerland";"CHF"
"ST1000";"MATERIALES RT";"Mexico";"MXN"
"ST2000";"INDUSTRIAL RT";"Mexico";"MXN"
"ST3000";"ALIMENTOS RT";"Mexico";"MXN"
"ST5000";"TELECOM RT";"Mexico";"MXN"
"STI";"STI Index";"Singapore";"SGD"
"STNC";"S&P/TSX North Amreican Prefered";"Canada";"CAD"
"STNU";"S&P/TSX North Amreican Prefered";"Canada";"CAD"
"STOXX";"STXE 600 PR.EUR";"Switzerland";"EUR"
"SZS100";"Shenzhen 100 Index R";"China";"CNY"
"SZSA";"SZSE A SHARE INDEX";"China";"CNY"
"SZSA1";"Shenzhen Component R";"China";"CNY"
"SZSB";"SZSE B SHARE INDEX";"China";"CNY"
"SZSB1";"SZSE COMPONENT B";"China";"CNY"
"SZSC";"Shenzhen Component";"China";"CNY"
"SZSC1";"SZSE COMPOSITE INDEX";"China";"CNY"
"T3L";"INDICE TEF APALANCADO X3";"Spain";"EUR"
"T3S";"INDICE TEF INVERSO X3";"Spain";"EUR"
"T5L";"INDICE TEF APALANCADO X5";"Spain";"EUR"
"TASI";"Tadawul All Shares Index";"Saudi Arabia";"SAR"
"TBNI";"Banks Index";"Saudi Arabia";"SAR"
"TCGI";"Capital Goods Index";"Saudi Arabia";"SAR"
"TCPI";"Commercial & Professional Svc I";"Saudi Arabia";"SAR"
"TCSI";"Consumer Svc Index";"Saudi Arabia";"SAR"
"TDAI";"Consumer Durables & Apparel Ind";"Saudi Arabia";"SAR"
"TDFI";"Diversified Financials Index";"Saudi Arabia";"SAR"
"TFBI";"Food & Beverages Index";"Saudi Arabia";"SAR"
"TFSI";"Food & Staples Retailing Index";"Saudi Arabia";"SAR"
"TISI";"Insurance Index";"Saudi Arabia";"SAR"
"TMDI";"Media & Entertainment Index";"Saudi Arabia";"SAR"
"TMTI";"Materials Index";"Saudi Arabia";"SAR"
"TRLI";"Retailing Index";"Saudi Arabia";"SAR"
"TRMI";"Real Estate Mgmt & Dev't Index";"Saudi Arabia";"SAR"
"TRTI";"REITs Index";"Saudi Arabia";"SAR"
"TS";"Tenaris S.A.";"Mexico";"MXN"
"TSBI";"Tadawul Sukuk & Bonds Index";"Saudi Arabia";"SAR"
"TSSI";"Software & Svc Index";"Saudi Arabia";"SAR"
"TTNI";"Transportation Index";"Saudi Arabia";"SAR"
"TTSI";"Telecommunication Svc Index";"Saudi Arabia";"SAR"
"TUTI";"Utilities Index";"Saudi Arabia";"SAR"
"TWII";"TSEC weighted index";"Taiwan";"TWD"
"TX60";"S&P/TSX 60 Index";"Canada";"CAD"
"TXBE";"S&P/TSX Equal Weight Global Bas";"Canada";"CAD"
"TXCT";"S&P/TSX Clean Technology Index";"Canada";"CAD"
"TXDC";"S&P/TSX Composite Dividend Inde";"Canada";"CAD"
"TXDE";"S&P/TSX Equal Weight Diversifie";"Canada";"CAD"
"TXDV";"S&P/TSX Canadian Dividend Arist";"Canada";"CAD"
"TXEI";"S&P/TSX Equity Income Index";"Canada";"CAD"
"TXEW";"S&P/TSX 60 Equal Weight Index";"Canada";"CAD"
"TXGE";"S&P/TSX Equal Weight Global Gol";"Canada";"CAD"
"TXGM";"S&P/TSX Global Mining Index";"Canada";"CAD"
"TXHB";"S&P/TSX Composite High Beta Ind";"Canada";"CAD"
"TXHE";"S&P/TSX High Income Energy Inde";"Canada";"CAD"
"TXHU";"S&P/TSX High Income Energy Inde";"Canada";"CAD"
"TXIE";"S&P/TSX Equal Weight Industrial";"Canada";"CAD"
"TXLV";"S&P/TSX Composite Low Volatilit";"Canada";"CAD"
"TXOE";"S&P/TSX Equal Weight Oil & Gas ";"Canada";"CAD"
"TXPR";"S&P/TSX Preferred Share Index";"Canada";"CAD"
"TXSI";"S&P/TSX 60 Shariah Index";"Canada";"CAD"
"UG2L";"UG2L INDEX";"France";"EUR"
"UG3L";"UG3L INDEX";"France";"EUR"
"UG5I";"UG5I Index";"France";"EUR"
"UX";"IBEX 35. APALANCADO NETO X10";"Spain";"EUR"
"VAEX";"AEX VOLAT.INDEX";"Netherlands";"EUR"
"VFTSE";"FTSE100 VOLAT.INDX";"Netherlands";"EUR"
"VIV3L";"VIV3L INDEX";"Netherlands";"EUR"
"VIX";"CBOE Volatility Index";"United States of America";"USD"
"VK5L";"VK5L INDEX";"Netherlands";"EUR"
"VOLQ";"Nasdaq-100 Volatility Index VOL";"United States of America";"USD"
"VX3MA";"CBOE VIX3M Indicative Ask";"United States of America";"USD"
"VX3MB";"CBOE VIX3M Indicative Bid";"United States of America";"USD"
"VX3MF";"CBOE Far-Term VIX3M";"United States of America";"USD"
"VX3MN";"CBOE Near-Term VIX3M";"United States of America";"USD"
"VXN";"CBOE NASDAQ 100 Voltility";"United States of America";"USD"
"W5000";"Wilshire 5000 Total Market Inde";"United States of America";"USD"
"WLENG";"EN CDP ENV W EW GR";"Netherlands";"EUR"
"WLENN";"EN CDP ENV W EW NR";"Netherlands";"EUR"
"WLENP";"EN CDP ENV W EW";"Netherlands";"EUR"
"WLENV";"EN CDP E W EW D5%";"Netherlands";"EUR"
"XSP";"S&P 500 MINI SPX OPTIONS INDEX";"United States of America";"USD"
"Z203C";"AEX/CITI P-WT OPEN";"Netherlands";"EUR"
